,caption,commentsCount,dimensionsHeight,dimensionsWidth,displayUrl,firstComment,id,inputUrl,isSponsored,latestComments/0/id,latestComments/0/likesCount,latestComments/0/ownerProfilePicUrl,latestComments/0/ownerUsername,latestComments/0/text,latestComments/0/timestamp,latestComments/1/id,latestComments/1/likesCount,latestComments/1/ownerProfilePicUrl,latestComments/1/ownerUsername,latestComments/1/repliesCount,latestComments/1/text,latestComments/1/timestamp,latestComments/2/id,latestComments/2/likesCount,latestComments/2/ownerProfilePicUrl,latestComments/2/ownerUsername,latestComments/2/repliesCount,latestComments/2/text,latestComments/2/timestamp,latestComments/3/id,latestComments/3/likesCount,latestComments/3/ownerProfilePicUrl,latestComments/3/ownerUsername,latestComments/3/repliesCount,latestComments/3/text,latestComments/3/timestamp,latestComments/4/id,latestComments/4/likesCount,latestComments/4/ownerProfilePicUrl,latestComments/4/ownerUsername,latestComments/4/repliesCount,latestComments/4/text,latestComments/4/timestamp,latestComments/5/id,latestComments/5/likesCount,latestComments/5/ownerProfilePicUrl,latestComments/5/ownerUsername,latestComments/5/repliesCount,latestComments/5/text,latestComments/5/timestamp,latestComments/6/id,latestComments/6/likesCount,latestComments/6/ownerProfilePicUrl,latestComments/6/ownerUsername,latestComments/6/repliesCount,latestComments/6/text,latestComments/6/timestamp,latestComments/7/id,latestComments/7/likesCount,latestComments/7/ownerProfilePicUrl,latestComments/7/ownerUsername,latestComments/7/repliesCount,latestComments/7/text,latestComments/7/timestamp,likesCount,musicInfo/artist_name,musicInfo/audio_id,musicInfo/should_mute_audio,musicInfo/song_name,musicInfo/uses_original_audio,ownerFullName,ownerId,ownerUsername,productType,shortCode,timestamp,type,url,videoDuration,videoPlayCount,videoUrl,videoViewCount
4,"Life has changed completely, but @letsblinkit remains the constant ü§±üèªüë©üèª‚Äç‚ù§Ô∏è‚Äçüë®üèª

#Blinkit #Deliveryin10mins",26,1333,750,https://instagram.fapq1-1.fna.fbcdn.net/v/t51.29350-15/454713353_3282952318524563_5457283565461939126_n.jpg?stp=dst-jpg_e15&_nc_ht=instagram.fapq1-1.fna.fbcdn.net&_nc_cat=111&_nc_ohc=8rSsVWxS1xgQ7kNvgGpObia&edm=APs17CUBAAAA&ccb=7-5&oh=00_AYCpURYkCXWIMlzv2lO1vqwBPeev1_eG5yCYnrdH6joiQA&oe=66BF9DC6&_nc_sid=10d13b,"9 months pehale mood bana tha or bachhaa aate ho daypar pehane laga "" RIP FOR LOGIC"" üòÇüòÇüòÇüòÇ Just kidding",3430701237314883244,https://www.instagram.com/letsblinkit/?hl=en,0,17926712090939852,0,https://instagram.fapq1-1.fna.fbcdn.net/v/t51.2885-19/260469255_417919949879031_8365677331396761311_n.jpg?stp=dst-jpg_s150x150&_nc_ht=instagram.fapq1-1.fna.fbcdn.net&_nc_cat=103&_nc_ohc=usby-oFxjQwQ7kNvgFioPG_&edm=APs17CUBAAAA&ccb=7-5&oh=00_AYDKpP9vJeaIIKRwtz71P8EZGozrvA4vFuh9sj-O33gpgg&oe=66BFB170&_nc_sid=10d13b,kp_kaushalpatel,"9 months pehale mood bana tha or bachhaa aate ho daypar pehane laga "" RIP FOR LOGIC"" üòÇüòÇüòÇüòÇ Just kidding",2024-08-11T04:28:45.000Z,1.7893376255985022e+16,2,https://instagram.fmaa12-2.fna.fbcdn.net/v/t51.2885-19/44884218_345707102882519_2446069589734326272_n.jpg?_nc_ht=instagram.fmaa12-2.fna.fbcdn.net&_nc_cat=1&_nc_ohc=VEonLlax_vYQ7kNvgFv5uuY&edm=AD93TDoBAAAA&ccb=7-5&ig_cache_key=YW5vbnltb3VzX3Byb2ZpbGVfcGlj.2-ccb7-5&oh=00_AYDgVjs72wJm5m3gwsopxgmLGgusLrXrLyMaEdrpOS_vNQ&oe=66BF970F&_nc_sid=87e5dd,eesha.kr,0.0,Awwwww this was so sweet Nidhi‚ù§Ô∏è,2024-08-10T14:03:53.000Z,1.8066607666520932e+16,1.0,https://instagram.fapq1-1.fna.fbcdn.net/v/t51.2885-19/448442437_965110921976160_5498977049248586309_n.jpg?stp=dst-jpg_s150x150&_nc_ht=instagram.fapq1-1.fna.fbcdn.net&_nc_cat=100&_nc_ohc=YfjA8hMyQiQQ7kNvgGNV_pu&edm=APs17CUBAAAA&ccb=7-5&oh=00_AYDKP9ozzy1-lowwo_vw8eMfqtqdp8vO_szH7fzSJk9gIg&oe=66BFBD11&_nc_sid=10d13b,saumyamadan_,0.0,Haha good one,2024-08-10T08:53:14.000Z,1.813471186635344e+16,0.0,https://instagram.fapq1-1.fna.fbcdn.net/v/t51.2885-19/453711093_1222020688795272_555298425405542730_n.jpg?stp=dst-jpg_s150x150&_nc_ht=instagram.fapq1-1.fna.fbcdn.net&_nc_cat=100&_nc_ohc=-SwBEtj9P3YQ7kNvgEST3qU&edm=APs17CUBAAAA&ccb=7-5&oh=00_AYBziQUH1djt8e6aT3GxjGiYFzDbcCETKylLzj87zuSvIA&oe=66BFA227&_nc_sid=10d13b,harsheyness,1.0,Meri saari zaedaad @letsblinkit m hi jaa rh üôÇ,2024-08-09T21:06:04.000Z,1.8030185024510324e+16,1.0,https://instagram.fapq1-1.fna.fbcdn.net/v/t51.2885-19/322391594_183371974340813_6443054883613509017_n.jpg?stp=dst-jpg_s150x150&_nc_ht=instagram.fapq1-1.fna.fbcdn.net&_nc_cat=105&_nc_ohc=VQ89_4FgKWwQ7kNvgHAPUOC&edm=APs17CUBAAAA&ccb=7-5&oh=00_AYBRXCLWIhZojG1uVlTXY40Ed_B0pzJEgk67g-bH3UhXeA&oe=66BFA2F5&_nc_sid=10d13b,manveer.mrcool,0.0,Samaan bazar se hi lekar aao outing bhi ho jati hei aur kam bhi,2024-08-09T16:02:21.000Z,1.829890946816543e+16,0.0,https://instagram.fapq1-1.fna.fbcdn.net/v/t51.2885-19/322391594_183371974340813_6443054883613509017_n.jpg?stp=dst-jpg_s150x150&_nc_ht=instagram.fapq1-1.fna.fbcdn.net&_nc_cat=105&_nc_ohc=VQ89_4FgKWwQ7kNvgHAPUOC&edm=APs17CUBAAAA&ccb=7-5&oh=00_AYBRXCLWIhZojG1uVlTXY40Ed_B0pzJEgk67g-bH3UhXeA&oe=66BFA2F5&_nc_sid=10d13b,manveer.mrcool,0.0,Bro advice du ek,2024-08-09T16:01:59.000Z,1.7875072671132796e+16,3.0,https://instagram.fapq1-1.fna.fbcdn.net/v/t51.2885-19/288190446_742846040093368_761144774642431205_n.jpg?stp=dst-jpg_s150x150&_nc_ht=instagram.fapq1-1.fna.fbcdn.net&_nc_cat=104&_nc_ohc=7_RZYRbNY5MQ7kNvgERrx6R&edm=APs17CUBAAAA&ccb=7-5&oh=00_AYAlPa5uHQbjQqT7xDyq1pSaCKopNWhzsDZkcjH1EOyzhw&oe=66BF93C5&_nc_sid=10d13b,bhookababaa,0.0,Blink it ki date night itni romantic thi to uske baad to yuvaan hona hi tha üòÇ,2024-08-09T13:17:56.000Z,1.804210321379005e+16,0.0,https://instagram.fapq1-1.fna.fbcdn.net/v/t51.2885-19/451503653_1679431832891452_7238838465003056734_n.jpg?stp=dst-jpg_s150x150&_nc_ht=instagram.fapq1-1.fna.fbcdn.net&_nc_cat=104&_nc_ohc=tLEOxUdWf90Q7kNvgFifIA0&edm=APs17CUBAAAA&ccb=7-5&oh=00_AYAtuyYr5FKdidtjvOQ9NtaHZd8UF0-4EYoM_TJV6NkzPA&oe=66BFAEA1&_nc_sid=10d13b,jaynandini__,0.0,Hahhahahah so funnyüòÇ,2024-08-09T12:00:41.000Z,1966,thenidhityagi,358372800646626.0,False,Original audio,True,Nidhi Tyagi,1393826420,thenidhityagi,clips,C-cTJlEpY6s,2024-08-09T08:22:52.000Z,Video,https://www.instagram.com/p/C-cTJlEpY6s/,49.968,85072.0,https://instagram.fapq1-1.fna.fbcdn.net/o1/v/t16/f2/m69/An8jf-3wmDPa73ydFmp2l-BsWtXPQz3I7mIBV0ejdnvS8_a4M3yhoo64LBPLRA8Qm4xov3riCSUJ1HtAY7DeJVUP.mp4?efg=eyJxZV9ncm91cHMiOiJbXCJpZ193ZWJfZGVsaXZlcnlfdnRzX290ZlwiXSIsInZlbmNvZGVfdGFnIjoidnRzX3ZvZF91cmxnZW4uY2xpcHMuYzIuMTA4MC5iYXNlbGluZSJ9&_nc_ht=instagram.fapq1-1.fna.fbcdn.net&_nc_cat=102&vs=1044578737360845_3807763556&_nc_vs=HBksFQIYOnBhc3N0aHJvdWdoX2V2ZXJzdG9yZS9HTE12QWhQTHoxcnJUbndCQUtDSmNGNDU3NXdGYnBSMUFBQUYVAALIAQAVAhg6cGFzc3Rocm91Z2hfZXZlcnN0b3JlL0dINlhGUnZCbUwyTmRNQUJBQ0NoWUU0bW1SZFlicV9FQUFBRhUCAsgBACgAGAAbABUAACaeuJWE0tKGQBUCKAJDMywXQEj7peNT988YFmRhc2hfYmFzZWxpbmVfMTA4MHBfdjERAHX%2BBwA%3D&_nc_rid=229279af42&ccb=9-4&oh=00_AYDZGNCoHzzhMLHBDxbCaI6rNmJit-cHr8fUSwSAaDV1rA&oe=66BBB2C8&_nc_sid=10d13b,34213.0
13,stay hydrated üò∞ üåûüö∞,61,1333,750,https://scontent-man2-1.cdninstagram.com/v/t51.29350-15/453622192_1618849095637073_2985205184332741632_n.jpg?stp=dst-jpg_e15&_nc_ht=scontent-man2-1.cdninstagram.com&_nc_cat=105&_nc_ohc=4ERLxpDXtIYQ7kNvgFFLfmp&edm=APs17CUBAAAA&ccb=7-5&oh=00_AYDBhJxUDhgJ0p9-Y227PbRHen9AKpdUawYBD4L0ZxNjWg&oe=66BFA86F&_nc_sid=10d13b,Mujhe apni aakho pe vishwas nhi hora üòÆ,3423601329010653555,https://www.instagram.com/letsblinkit/?hl=en,0,17850985848220862,0,https://scontent-man2-1.cdninstagram.com/v/t51.2885-19/440295164_1051291063081013_5959548500865665573_n.jpg?stp=dst-jpg_s150x150&_nc_ht=scontent-man2-1.cdninstagram.com&_nc_cat=105&_nc_ohc=ULORBgBTuMkQ7kNvgFu3Sng&edm=APs17CUBAAAA&ccb=7-5&oh=00_AYCAYAWM93o_X4Yo8sSHdMm09-FwAE2o1vbDEaw6OPSXtQ&oe=66BF961E&_nc_sid=10d13b,unique_yash2004,Mujhe apni aakho pe vishwas nhi hora üòÆ,2024-08-04T09:10:11.000Z,1.8109738825408492e+16,1,https://scontent-man2-1.cdninstagram.com/v/t51.2885-19/430646143_788348983141515_2589379372970104591_n.jpg?stp=dst-jpg_s150x150&_nc_ht=scontent-man2-1.cdninstagram.com&_nc_cat=103&_nc_ohc=RG8_QsBNvVAQ7kNvgFoxdhe&edm=APs17CUBAAAA&ccb=7-5&oh=00_AYDiWS2T5cTCoY2fFYYJj7rMC0F8sYsK-Xs2QSGrfHvalQ&oe=66BFC44F&_nc_sid=10d13b,_viral_reels47,0.0,@letsblinkit Order id #ORD311238849 I had ordered a charging wire from boat but I got the one of Aadar brand. I am shocked. My phone is not getting charged. Your services are poor.@swiggy_instamart are better than this. You don't have any live chat support. There is no response to the mail. Refund my money or else I will call the police and file a case in consumer court.,2024-08-02T11:14:09.000Z,1.7976010148737364e+16,0.0,https://scontent-man2-1.cdninstagram.com/v/t51.2885-19/440279221_447329651041120_3813655440120967682_n.jpg?stp=dst-jpg_s150x150&_nc_ht=scontent-man2-1.cdninstagram.com&_nc_cat=104&_nc_ohc=aVZvBZt0zcMQ7kNvgHprl-J&edm=APs17CUBAAAA&ccb=7-5&oh=00_AYASMYbbi8fEsAr0tJHFltSzHN2SQx2epwT4bIaOlE4n_w&oe=66BFAE32&_nc_sid=10d13b,rekhaapril27,0.0,"Maine by mistake moong daal 2 packet manga liya,exchange krke arhar manga to bole nhi aap usko rakhiye,ahar fir se order kariye,daal wapas nhi hoga,Myntra or amazon fir Bohot achha h inse,",2024-08-02T07:39:54.000Z,1.7873779914084424e+16,0.0,https://scontent-man2-1.cdninstagram.com/v/t51.2885-19/440279221_447329651041120_3813655440120967682_n.jpg?stp=dst-jpg_s150x150&_nc_ht=scontent-man2-1.cdninstagram.com&_nc_cat=104&_nc_ohc=aVZvBZt0zcMQ7kNvgHprl-J&edm=APs17CUBAAAA&ccb=7-5&oh=00_AYASMYbbi8fEsAr0tJHFltSzHN2SQx2epwT4bIaOlE4n_w&oe=66BFAE32&_nc_sid=10d13b,rekhaapril27,0.0,"Ghatiya app h Blinkit,koi samaan return hi nhi leta,aa gya to aa gya",2024-08-02T07:37:48.000Z,1.7858194809216112e+16,0.0,https://scontent-man2-1.cdninstagram.com/v/t51.2885-19/449621013_768496762030265_8974632638831239540_n.jpg?stp=dst-jpg_s150x150&_nc_ht=scontent-man2-1.cdninstagram.com&_nc_cat=105&_nc_ohc=ZHpe-EgrR-8Q7kNvgGvutCk&edm=APs17CUBAAAA&ccb=7-5&oh=00_AYAFjh9UCPE_zrlUC7eN2oeMBD_v4mxB_zPYIQKgJGGzeg&oe=66BF9227&_nc_sid=10d13b,rhythmkgandhi,0.0,üòÇüòÇüòÇüòÇ,2024-08-02T06:40:15.000Z,1.8015179954421756e+16,0.0,https://scontent-man2-1.cdninstagram.com/v/t51.2885-19/270356114_3343937542553051_2675920921576808059_n.jpg?stp=dst-jpg_s150x150&_nc_ht=scontent-man2-1.cdninstagram.com&_nc_cat=111&_nc_ohc=Fyr8PTHVDM4Q7kNvgE-hAuR&edm=APs17CUBAAAA&ccb=7-5&oh=00_AYDsuRCe55waJMoU6TFFt8BaLeiBHpQOYMIf5i0zXd0LeA&oe=66BFBD0A&_nc_sid=10d13b,moonstaressentials,0.0,sunscreen lga lena vrna skin damage ho jaayegi üò¢,2024-08-01T12:21:05.000Z,1.8354639838128092e+16,0.0,https://scontent-man2-1.cdninstagram.com/v/t51.2885-19/344032340_1613582979120654_109417405966389811_n.jpg?stp=dst-jpg_s150x150&_nc_ht=scontent-man2-1.cdninstagram.com&_nc_cat=106&_nc_ohc=rjFRltnUpHQQ7kNvgHTOJNx&edm=APs17CUBAAAA&ccb=7-5&oh=00_AYAF4wmBSJrxUy-WMj5JCoyxw2TvS8ChxMmM-SLN5cDJOA&oe=66BFC0A2&_nc_sid=10d13b,soullyyoursindia,0.0,Dhoooooooopppppppppppp,2024-08-01T11:55:40.000Z,1.8017940875183908e+16,0.0,https://scontent-man2-1.cdninstagram.com/v/t51.2885-19/453492781_1255675492508777_1340658344832436026_n.jpg?stp=dst-jpg_s150x150&_nc_ht=scontent-man2-1.cdninstagram.com&_nc_cat=105&_nc_ohc=m1nEBjo99GkQ7kNvgHULb2d&edm=APs17CUBAAAA&ccb=7-5&oh=00_AYD8aocX2mq7at4-YhvsLaSaAcSqDz0EdLk-EP4cRq8s1A&oe=66BFBA83&_nc_sid=10d13b,flipshope.money_saver,0.0,Jaadu needs this type of dhoop,2024-08-01T11:15:14.000Z,1218,memepur_officials,519966750492626.0,False,Original audio,True,Blinkit,1933601744,letsblinkit,clips,C-DE0UMPDlz,2024-07-30T13:14:20.000Z,Video,https://www.instagram.com/p/C-DE0UMPDlz/,8.566,58904.0,https://scontent-man2-1.cdninstagram.com/o1/v/t16/f2/m69/An_17SL2paMzVhG7SQ-CwznDN5zb6HPezI4c6v_rHYwY0qflFk3w2YjCWyHp5QmPL3eVfX-bzMqKHAXXFCdBN05s.mp4?efg=eyJxZV9ncm91cHMiOiJbXCJpZ193ZWJfZGVsaXZlcnlfdnRzX290ZlwiXSIsInZlbmNvZGVfdGFnIjoidnRzX3ZvZF91cmxnZW4uY2xpcHMuYzIuMTA4MC5iYXNlbGluZSJ9&_nc_ht=scontent-man2-1.cdninstagram.com&_nc_cat=109&vs=864323815031135_4192264517&_nc_vs=HBksFQIYOnBhc3N0aHJvdWdoX2V2ZXJzdG9yZS9HT2VSNlJMODZVM2RoOTRDQVB3UWg2MTZVY3hHYnBSMUFBQUYVAALIAQAVAhg6cGFzc3Rocm91Z2hfZXZlcnN0b3JlL0dFaHVCaHZ5N0hiTWJiSUJBQV81encxR1h1MXhicV9FQUFBRhUCAsgBACgAGAAbABUAACbM44%2FB5dyJQBUCKAJDMywXQCEhysCDEm8YFmRhc2hfYmFzZWxpbmVfMTA4MHBfdjERAHX%2BBwA%3D&_nc_rid=b7efd81ddf&ccb=9-4&oh=00_AYBrc3mIu1l5HAEMe3xQKk-YBV12ivkybiVA9nnu9pT8EA&oe=66BBC8F0&_nc_sid=10d13b,14135.0
14,hits different everytime ü§å,25,1920,1080,https://scontent-lga3-2.cdninstagram.com/v/t51.29350-15/453639247_822572313342945_8515611099394630629_n.jpg?stp=dst-jpg_e15_fr_p1080x1080&_nc_ht=scontent-lga3-2.cdninstagram.com&_nc_cat=109&_nc_ohc=eFe_gEvlaRYQ7kNvgGgx-OD&edm=APs17CUBAAAA&ccb=7-5&oh=00_AYCgnZBv8VppQPrIgm3w0kuEHjd7fJzaM99GsZNmRsN6tg&oe=66BFB0BE&_nc_sid=10d13b,We wake up to Barking alarm  clocküòÇüê∂,3425031878170391530,https://www.instagram.com/letsblinkit/?hl=en,0,18015537983450893,0,https://scontent-lga3-2.cdninstagram.com/v/t51.2885-19/367506858_1331465681060801_6795616115367729014_n.jpg?stp=dst-jpg_s150x150&_nc_ht=scontent-lga3-2.cdninstagram.com&_nc_cat=105&_nc_ohc=6-EyEaci7h4Q7kNvgEl196y&edm=APs17CUBAAAA&ccb=7-5&oh=00_AYDrsnJeA9dpZYJKBdHAhwHFdx_QyOZkvhXtQYerOnMZbg&oe=66BFC202&_nc_sid=10d13b,barkoutloud.official,We wake up to Barking alarm  clocküòÇüê∂,2024-08-09T15:30:22.000Z,1.789299063898361e+16,0,https://scontent-lga3-2.cdninstagram.com/v/t51.2885-19/376230735_183567781420941_8913648987095818600_n.jpg?stp=dst-jpg_s150x150&_nc_ht=scontent-lga3-2.cdninstagram.com&_nc_cat=109&_nc_ohc=7wCl4YA-zRQQ7kNvgFKoj_v&edm=APs17CUBAAAA&ccb=7-5&oh=00_AYDTI0fb1s3s6BbSc09VtkDizbwqrc2o88_itsIqr45XoA&oe=66BFA37D&_nc_sid=10d13b,ruqaiyyasaad,0.0,üòÆ.. M l,2024-08-04T18:08:19.000Z,1.800274251242392e+16,0.0,https://scontent-lga3-1.cdninstagram.com/v/t51.2885-19/450437758_1632492677509179_5872068377924195653_n.jpg?stp=dst-jpg_s150x150&_nc_ht=scontent-lga3-1.cdninstagram.com&_nc_cat=103&_nc_ohc=OR4F6dqYflEQ7kNvgFn2CgR&edm=APs17CUBAAAA&ccb=7-5&oh=00_AYCJiktagIx63-igf7ogK6WjcHLdfDaIptg_bhCgSnZz8g&oe=66BFB0F6&_nc_sid=10d13b,appata.woodpressed.oils,0.0,U should actually try vibing to the woodpressing of coconut oil at our store üòç,2024-08-02T19:57:49.000Z,1.805766145971594e+16,0.0,https://scontent-lga3-2.cdninstagram.com/v/t51.2885-19/450732361_2825326554282337_6376635270911857461_n.jpg?stp=dst-jpg_s150x150&_nc_ht=scontent-lga3-2.cdninstagram.com&_nc_cat=101&_nc_ohc=hkXnBtAEJBIQ7kNvgE01pAB&edm=APs17CUBAAAA&ccb=7-5&oh=00_AYBUPyhYtmAChs2xts10dRkMAJusrnGBD2thrQ075SaCNA&oe=66BF8CD2&_nc_sid=10d13b,tanya_chaurasiya23,0.0,This dance  remind me of subha jalao shaam jalao ... üòÇüòÇ of covid,2024-08-02T12:39:50.000Z,1.799676016749632e+16,1.0,https://scontent-lga3-1.cdninstagram.com/v/t51.2885-19/430646143_788348983141515_2589379372970104591_n.jpg?stp=dst-jpg_s150x150&_nc_ht=scontent-lga3-1.cdninstagram.com&_nc_cat=103&_nc_ohc=RG8_QsBNvVAQ7kNvgHG7ZCF&edm=APs17CUBAAAA&ccb=7-5&oh=00_AYDgrRdXeN-t-FbZOqVM_nt_s7SooA9B8AGO2EW5l74H4g&oe=66BFC44F&_nc_sid=10d13b,_viral_reels47,0.0,@letsblinkit Order id #ORD311238849 I had ordered a charging wire from boat but I got the one of Aadar brand. I am shocked. My phone is not getting charged. Your services are poor.@swiggy_instamart are better than this. You don't have any live chat support. There is no responseü§Æ to the mail. Refund my money or else I will call the police and file a case in consumer court.,2024-08-02T11:09:29.000Z,1.8049003870686824e+16,0.0,https://scontent-ssn1-1.cdninstagram.com/v/t51.2885-19/44884218_345707102882519_2446069589734326272_n.jpg?_nc_ht=scontent-ssn1-1.cdninstagram.com&_nc_cat=1&_nc_ohc=VEonLlax_vYQ7kNvgGW_o5e&edm=ALlQn9MBAAAA&ccb=7-5&ig_cache_key=YW5vbnltb3VzX3Byb2ZpbGVfcGlj.2-ccb7-5&oh=00_AYA-9CGzAh8bAiHhb45P63772LFy90t_0Z85B17KtZ9btQ&oe=66BF970F&_nc_sid=e7f676,sitahra966,0.0,Please help @letsblinkit,2024-08-02T10:53:54.000Z,1.8262756882218936e+16,0.0,https://scontent-ssn1-1.cdninstagram.com/v/t51.2885-19/44884218_345707102882519_2446069589734326272_n.jpg?_nc_ht=scontent-ssn1-1.cdninstagram.com&_nc_cat=1&_nc_ohc=VEonLlax_vYQ7kNvgGW_o5e&edm=ALlQn9MBAAAA&ccb=7-5&ig_cache_key=YW5vbnltb3VzX3Byb2ZpbGVfcGlj.2-ccb7-5&oh=00_AYA-9CGzAh8bAiHhb45P63772LFy90t_0Z85B17KtZ9btQ&oe=66BF970F&_nc_sid=e7f676,sitahra966,0.0,Mera order mujhe nahi mila Maine Payment pahle hi kar diya aur order mujhe received nahi hua h jabki app me dikha raha ki delivered,2024-08-02T10:53:09.000Z,1.7934289970869916e+16,0.0,https://scontent-lga3-1.cdninstagram.com/v/t51.2885-19/454339635_485407077530583_4958710677296154921_n.jpg?stp=dst-jpg_s150x150&_nc_ht=scontent-lga3-1.cdninstagram.com&_nc_cat=103&_nc_ohc=puXqJt0vsyUQ7kNvgHASI3m&edm=APs17CUBAAAA&ccb=7-5&oh=00_AYC3QXLq8IHWIImLi7fNjZGs3o6Exekl4aqXz9sO7vHHnw&oe=66BFAB22&_nc_sid=10d13b,homeboy_016,0.0,How will you guys attack @davuchiofficial,2024-08-02T09:03:51.000Z,756,"Shashwat Sachdev, Sunidhi Chauhan, Chotu Khan",3595331167396411.0,False,"Leta Jaijo Re | Coke Studio Bharat (feat. Jaipur Kawa Brass Band, Kausar Munir)",False,Blinkit,1933601744,letsblinkit,clips,C-IKFi6vDPq,2024-08-01T12:34:30.000Z,Video,https://www.instagram.com/p/C-IKFi6vDPq/,11.701,36300.0,https://scontent-lga3-1.cdninstagram.com/o1/v/t16/f2/m69/An_4Zrh1cwkC8fjRm3ewYGuO_erc8GloylmtpILxHmG0eSv3fmA7UBSBvk7c0ZaoaTH7ghW3RlMoywv4CaDjPXSa.mp4?efg=eyJxZV9ncm91cHMiOiJbXCJpZ193ZWJfZGVsaXZlcnlfdnRzX290ZlwiXSIsInZlbmNvZGVfdGFnIjoidnRzX3ZvZF91cmxnZW4uY2xpcHMuYzIuMTA4MC5iYXNlbGluZSJ9&_nc_ht=scontent-lga3-1.cdninstagram.com&_nc_cat=102&vs=504019385357686_3154355857&_nc_vs=HBksFQIYOnBhc3N0aHJvdWdoX2V2ZXJzdG9yZS9HQkZmQ1JOWGZWTHhEc0VEQVBUY3B6OG5ENDhtYnBSMUFBQUYVAALIAQAVAhg6cGFzc3Rocm91Z2hfZXZlcnN0b3JlL0dOSGZEQnZ1VXpzS2dNSUdBRzJmYkJwMllXeFBicV9FQUFBRhUCAsgBACgAGAAbABUAACaesvOfq6mKQRUCKAJDMywXQCdmZmZmZmYYFmRhc2hfYmFzZWxpbmVfMTA4MHBfdjERAHX%2BBwA%3D&_nc_rid=5269ab4eb3&ccb=9-4&oh=00_AYBR2H7zVgdrzcoHq3EztrLQP74jVMtwbfHV75cyHlDEyg&oe=66BBCCC5&_nc_sid=10d13b,11339.0
22,"THE SPACELESS SOULSü´£‚ú®

I ain‚Äôt gonna share my @perforaofficial Flosser, so of course, I‚Äôm gonna Blinkit and get it in just 10 minutes!

Space ka toh pata nahi, time toh save ho raha hai ü•≤
Tell me, Do you like to share?

Special thanks to @anshuman__singhh @janvimaruchoudhary @dearmol @manav.jain02 

#storytelling #funny #comfort #narration #feelgood #sketch #PerforaXBlinkit #Blinkit #Perfora #Flossing #powerflosser",84,1920,1080,https://scontent-lhr6-1.cdninstagram.com/v/t51.29350-15/451502570_1612283369319454_4981883330491530260_n.jpg?stp=dst-jpg_e15_fr_p1080x1080&_nc_ht=scontent-lhr6-1.cdninstagram.com&_nc_cat=110&_nc_ohc=8VcPY0hXJ1QQ7kNvgEvzXKq&edm=APs17CUBAAAA&ccb=7-5&oh=00_AYDy5O1Fng-TfNZZFLnCIaKYBAOU6NWg8XbQTbM_G-UAYw&oe=66BF9235&_nc_sid=10d13b,Don't buy from platform they sends used and different product from picture on the app,3414127004067600118,https://www.instagram.com/letsblinkit/?hl=en,0,17970478085757892,0,https://scontent.cdninstagram.com/v/t51.2885-19/44884218_345707102882519_2446069589734326272_n.jpg?_nc_ht=scontent.cdninstagram.com&_nc_cat=1&_nc_ohc=VEonLlax_vYQ7kNvgFIrwUn&edm=APs17CUBAAAA&ccb=7-5&ig_cache_key=YW5vbnltb3VzX3Byb2ZpbGVfcGlj.2-ccb7-5&oh=00_AYBh--_Oz-x2aYCWDGUu4sWiTjdYRcmIpsb_7Cl6bWoUKA&oe=66BF970F&_nc_sid=10d13b,patilsaurabh901,Don't buy from platform they sends used and different product from picture on the app,2024-08-04T11:23:55.000Z,1.7913720146970408e+16,0,https://scontent-lhr6-1.cdninstagram.com/v/t51.2885-19/340816943_919215119288229_9059411625057554536_n.jpg?stp=dst-jpg_s150x150&_nc_ht=scontent-lhr6-1.cdninstagram.com&_nc_cat=109&_nc_ohc=sQ4eJQksXD8Q7kNvgFxvvax&edm=APs17CUBAAAA&ccb=7-5&oh=00_AYCjvBNNvyGsmtMomfEEnP_VxmT5HCuAzNbGrFdikIU9ug&oe=66BFA9F2&_nc_sid=10d13b,rajendramore414,0.0,Best üôåüôå,2024-07-31T19:44:40.000Z,1.7940273833845524e+16,0.0,https://scontent-lhr8-1.cdninstagram.com/v/t51.2885-19/447454138_820741876208948_2568284412101985820_n.jpg?stp=dst-jpg_s150x150&_nc_ht=scontent-lhr8-1.cdninstagram.com&_nc_cat=108&_nc_ohc=6IZOYlqHfzkQ7kNvgFgiFFJ&edm=APs17CUBAAAA&ccb=7-5&oh=00_AYCwVL6MPvujfHH7FPtXP6P3FQcavNVbxm3HrcYT1rtr7w&oe=66BFB421&_nc_sid=10d13b,priyanshu_panihar_rj18,0.0,Fraud company,2024-07-25T09:50:07.000Z,1.7993074913659128e+16,0.0,https://scontent-lhr6-2.cdninstagram.com/v/t51.2885-19/369708110_1258471678149845_8706467061737035320_n.jpg?stp=dst-jpg_s150x150&_nc_ht=scontent-lhr6-2.cdninstagram.com&_nc_cat=105&_nc_ohc=LpmWB2KJHm4Q7kNvgH0TME5&edm=APs17CUBAAAA&ccb=7-5&oh=00_AYDhNTquAebIhkOK8FZfsCNF4uTjcuD2kivwh8_dQsktVA&oe=66BF9E23&_nc_sid=10d13b,aaravbagla,0.0,Just ordered a umbrella for 260 it was damaged and very cheap quality very bad service I won't order anything from blink it from now ORD192814480 and now they are reporting my comments too just return this order why this big company doing this small cheap things,2024-07-24T07:14:14.000Z,1.7969100971767386e+16,0.0,https://scontent-lhr6-2.cdninstagram.com/v/t51.2885-19/369708110_1258471678149845_8706467061737035320_n.jpg?stp=dst-jpg_s150x150&_nc_ht=scontent-lhr6-2.cdninstagram.com&_nc_cat=105&_nc_ohc=LpmWB2KJHm4Q7kNvgH0TME5&edm=APs17CUBAAAA&ccb=7-5&oh=00_AYDhNTquAebIhkOK8FZfsCNF4uTjcuD2kivwh8_dQsktVA&oe=66BF9E23&_nc_sid=10d13b,aaravbagla,0.0,Just ordered a umbrella for 260 it was damaged and very cheap quality very bad service I won't order anything from blink it from now ORD192814480,2024-07-24T05:19:04.000Z,1.804173075789853e+16,0.0,https://scontent-lhr8-1.cdninstagram.com/v/t51.2885-19/409425377_7084477214954975_4439316921645651055_n.jpg?stp=dst-jpg_s150x150&_nc_ht=scontent-lhr8-1.cdninstagram.com&_nc_cat=111&_nc_ohc=DpE86CVIRSMQ7kNvgHxeRNX&edm=APs17CUBAAAA&ccb=7-5&oh=00_AYCvkRTbcd0-ITN0NicSkK-BPIzchVJk5B99Tksq0FfyHA&oe=66BF93C9&_nc_sid=10d13b,super_bartender_7,0.0,Abhi abhi cheating cheating kia,2024-07-21T10:04:47.000Z,1.8260964973219984e+16,0.0,https://scontent-lhr8-1.cdninstagram.com/v/t51.2885-19/409425377_7084477214954975_4439316921645651055_n.jpg?stp=dst-jpg_s150x150&_nc_ht=scontent-lhr8-1.cdninstagram.com&_nc_cat=111&_nc_ohc=DpE86CVIRSMQ7kNvgHxeRNX&edm=APs17CUBAAAA&ccb=7-5&oh=00_AYCvkRTbcd0-ITN0NicSkK-BPIzchVJk5B99Tksq0FfyHA&oe=66BF93C9&_nc_sid=10d13b,super_bartender_7,0.0,Ye blinking cheater hai,2024-07-21T10:04:39.000Z,1.8356387947105228e+16,0.0,https://scontent-lhr6-2.cdninstagram.com/v/t51.2885-19/361305983_847437480189504_8207257599184146246_n.jpg?stp=dst-jpg_s150x150&_nc_ht=scontent-lhr6-2.cdninstagram.com&_nc_cat=100&_nc_ohc=ZpkgofYjOJoQ7kNvgFe918v&edm=APs17CUBAAAA&ccb=7-5&oh=00_AYCKt74kVMBIar6uBxnGWCDsKm_62X8epExZgF-CZC-rkQ&oe=66BFB77F&_nc_sid=10d13b,veromax_trends,0.0,Useless !,2024-07-20T17:21:36.000Z,6091,rishabhsoopa,1001571844598838.0,False,Original audio,True,Rishabh Singh Soopa,8940109265,rishabhsoopa,clips,C9hamvfhJb2,2024-07-17T11:31:48.000Z,Video,https://www.instagram.com/p/C9hamvfhJb2/,59.743,277927.0,https://scontent-lhr6-1.cdninstagram.com/o1/v/t16/f2/m69/An-3I_6nfvdXXwWNkFX0U4ybrQZ7h9Lb2MHg8z86sc4wSbQEZGBcs8X4jqRIFTNXG8QYB1FTj060_sUevSPT5_a7.mp4?efg=eyJxZV9ncm91cHMiOiJbXCJpZ193ZWJfZGVsaXZlcnlfdnRzX290ZlwiXSIsInZlbmNvZGVfdGFnIjoidnRzX3ZvZF91cmxnZW4uY2xpcHMuYzIuMTA4MC5iYXNlbGluZSJ9&_nc_ht=scontent-lhr6-1.cdninstagram.com&_nc_cat=110&vs=499877925788579_1443552809&_nc_vs=HBksFQIYOnBhc3N0aHJvdWdoX2V2ZXJzdG9yZS9HTDcwSGdOdkpKVjZGSjREQUI0UzlFV3A4b2d4YnBSMUFBQUYVAALIAQAVAhg6cGFzc3Rocm91Z2hfZXZlcnN0b3JlL0dQMFM0UnFXc1ZlWFNjc0JBRjhrUmpGVFY0QVZicV9FQUFBRhUCAsgBACgAGAAbABUAACaawq6x2%2BePQRUCKAJDMywXQE3d0vGp%2B%2BcYFmRhc2hfYmFzZWxpbmVfMTA4MHBfdjERAHX%2BBwA%3D&_nc_rid=7ab8806216&ccb=9-4&oh=00_AYB_FTsqzJ78oftdaBKvwXiztAE-C0xhh58_AJmO73MoiQ&oe=66BB9B67&_nc_sid=10d13b,143209.0
50,weekend par bhi kaam karta admin ü•≤ü§ù,68,1333,750,https://scontent-sjc3-1.cdninstagram.com/v/t51.29350-15/448221358_355243133904346_6693082731380920162_n.jpg?stp=dst-jpg_e15&_nc_ht=scontent-sjc3-1.cdninstagram.com&_nc_cat=110&_nc_ohc=NFAC8V4j_p4Q7kNvgGgvc8C&edm=APs17CUBAAAA&ccb=7-5&oh=00_AYBoQkGMR5ob3GI6zF3TrSVDJWNVqhASqu7LhNG_IcHzkg&oe=66BFB64E&_nc_sid=10d13b,Dare: List @gettothirdbase products on the app,3387350567784552923,https://www.instagram.com/letsblinkit/?hl=en,0,18033039980482902,0,https://scontent-sjc3-1.cdninstagram.com/v/t51.2885-19/421837926_6489570357809624_2843938234051871549_n.jpg?stp=dst-jpg_s150x150&_nc_ht=scontent-sjc3-1.cdninstagram.com&_nc_cat=108&_nc_ohc=1Hu_NxEZJcYQ7kNvgH4-n9p&edm=APs17CUBAAAA&ccb=7-5&oh=00_AYDkOxhO_uD1-ooDT290SCQ-Kf0wz9fBEHIf1k9Q_YbLLQ&oe=66BFB02D&_nc_sid=10d13b,boatimovic,Dare: List @gettothirdbase products on the app,2024-08-01T14:56:57.000Z,1.80417700429144e+16,0,https://scontent-sjc3-1.cdninstagram.com/v/t51.2885-19/454721520_1509881762973130_824383996445233737_n.jpg?stp=dst-jpg_s150x150&_nc_ht=scontent-sjc3-1.cdninstagram.com&_nc_cat=110&_nc_ohc=MaGKMmZO5OkQ7kNvgG-O8uU&edm=APs17CUBAAAA&ccb=7-5&oh=00_AYDmiXV9KUtOqAxYJCm1Z24DvByAbwesR42IOFeolNFQmA&oe=66BFB9C8&_nc_sid=10d13b,mr_sahil_0_0_0_5,0.0,I'm worker of blinkit ü•≤,2024-07-08T09:51:37.000Z,1.8039629434779372e+16,0.0,https://scontent-sjc3-1.cdninstagram.com/v/t51.2885-19/442695725_990060725467765_8250138193345714579_n.jpg?stp=dst-jpg_s150x150&_nc_ht=scontent-sjc3-1.cdninstagram.com&_nc_cat=101&_nc_ohc=RIMualBSn00Q7kNvgH5toCE&edm=APs17CUBAAAA&ccb=7-5&oh=00_AYA9DQHkklEOb3aKO4tGqxdkE48kKhfyGri7PuDUtsMC-w&oe=66BF977B&_nc_sid=10d13b,idkwhat_toaddso_ya,0.0,"""and we won,like always",2024-07-04T14:26:04.000Z,1.8012720530235298e+16,0.0,https://scontent-sjc3-1.cdninstagram.com/v/t51.2885-19/442695725_990060725467765_8250138193345714579_n.jpg?stp=dst-jpg_s150x150&_nc_ht=scontent-sjc3-1.cdninstagram.com&_nc_cat=101&_nc_ohc=RIMualBSn00Q7kNvgH5toCE&edm=APs17CUBAAAA&ccb=7-5&oh=00_AYA9DQHkklEOb3aKO4tGqxdkE48kKhfyGri7PuDUtsMC-w&oe=66BF977B&_nc_sid=10d13b,idkwhat_toaddso_ya,0.0,"""sab hamare mangoes pe aise toot toot pade jaise India Pakistan ko kiya""",2024-07-04T14:25:56.000Z,1.804359929885439e+16,0.0,https://scontent-sjc3-1.cdninstagram.com/v/t51.2885-19/442695725_990060725467765_8250138193345714579_n.jpg?stp=dst-jpg_s150x150&_nc_ht=scontent-sjc3-1.cdninstagram.com&_nc_cat=101&_nc_ohc=RIMualBSn00Q7kNvgH5toCE&edm=APs17CUBAAAA&ccb=7-5&oh=00_AYA9DQHkklEOb3aKO4tGqxdkE48kKhfyGri7PuDUtsMC-w&oe=66BF977B&_nc_sid=10d13b,idkwhat_toaddso_ya,0.0,"""waah,kya app hai""",2024-07-04T14:25:03.000Z,1.7974833560596524e+16,1.0,https://scontent-sjc3-1.cdninstagram.com/v/t51.2885-19/453700551_3696646250598296_6808545081795312498_n.jpg?stp=dst-jpg_s150x150&_nc_ht=scontent-sjc3-1.cdninstagram.com&_nc_cat=108&_nc_ohc=IrXkafbbS1wQ7kNvgHAQZPl&edm=APs17CUBAAAA&ccb=7-5&oh=00_AYDNObDvCHKvVuJtDgPEAcioUZ555WzF3QjpxcefUn9Hfg&oe=66BF9AAA&_nc_sid=10d13b,siddhant.thakre_,1.0,@ankurnaroliyaphotography  kaise Lage ü•≠ ü§£‚ù£Ô∏è,2024-06-22T18:41:45.000Z,1.7849348154204298e+16,0.0,https://scontent-sjc3-1.cdninstagram.com/v/t51.2885-19/432600944_733586895615048_1321804173197540081_n.jpg?stp=dst-jpg_s150x150&_nc_ht=scontent-sjc3-1.cdninstagram.com&_nc_cat=100&_nc_ohc=tdmkX5yxvU4Q7kNvgG1ZzE_&edm=APs17CUBAAAA&ccb=7-5&oh=00_AYDkPWjBk8XRrBucmT6c5nkJAgd416Hjaf2ypom5NXkyFw&oe=66BFAA03&_nc_sid=10d13b,akanksshha_,0.0,arey waah üòÇ,2024-06-20T10:50:07.000Z,1.8123467650363944e+16,0.0,https://scontent-cdg4-2.cdninstagram.com/v/t51.2885-19/44884218_345707102882519_2446069589734326272_n.jpg?_nc_ht=scontent-cdg4-2.cdninstagram.com&_nc_cat=1&_nc_ohc=VEonLlax_vYQ7kNvgFszpIK&edm=AJ9x6zYBAAAA&ccb=7-5&ig_cache_key=YW5vbnltb3VzX3Byb2ZpbGVfcGlj.2-ccb7-5&oh=00_AYCll0GXRIOLPGMNKZNUPU73kEw8t_KtCweqrFndOiuYsQ&oe=66BF970F&_nc_sid=65462d,ankurnaroliyaa,0.0,Greattt,2024-06-20T08:04:47.000Z,2602,various artists,915835560291184.0,False,Samjo Na Wishes,False,Blinkit,1933601744,letsblinkit,clips,C8CSWT6hBnb,2024-06-10T12:52:49.000Z,Video,https://www.instagram.com/p/C8CSWT6hBnb/,46.346,200425.0,https://scontent-sjc3-1.cdninstagram.com/o1/v/t16/f2/m69/An-a863E3gnw44EN7MkI_Zb25IOUNT6knW0S0hlGrSnvXeUDi5bAXo3VmOH6XLYHXjyMcSmhXyvewS_Iq4T5LCeN.mp4?efg=eyJxZV9ncm91cHMiOiJbXCJpZ193ZWJfZGVsaXZlcnlfdnRzX290ZlwiXSIsInZlbmNvZGVfdGFnIjoidnRzX3ZvZF91cmxnZW4uY2xpcHMuYzIuMTA4MC5iYXNlbGluZSJ9&_nc_ht=scontent-sjc3-1.cdninstagram.com&_nc_cat=102&vs=451944130772353_3815904634&_nc_vs=HBksFQIYOnBhc3N0aHJvdWdoX2V2ZXJzdG9yZS9HRHlVZHdMY1ExX0xGdVFhQUdVRUlOeGd2ODlXYnBSMUFBQUYVAALIAQAVAhg6cGFzc3Rocm91Z2hfZXZlcnN0b3JlL0dHWGR0UnJRa2RsVS1ZVUJBSGVvblNpVjJ2VnFicV9FQUFBRhUCAsgBACgAGAAbABUAACbCzZzf0Lj%2FPxUCKAJDMywXQEcqn752yLQYFmRhc2hfYmFzZWxpbmVfMTA4MHBfdjERAHX%2BBwA%3D&_nc_rid=d9f0d4722a&ccb=9-4&oh=00_AYDW2Jq-pFnonHdyQMIZjlIK3YeB6nU8VwK6AueqVbTrcQ&oe=66BBB068&_nc_sid=10d13b,35141.0
65,give suggestions for part 4 üëá,250,1333,750,https://instagram.fpos4-1.fna.fbcdn.net/v/t51.29350-15/445860689_1942014202887818_2958354481225046525_n.jpg?stp=dst-jpg_e15&_nc_ht=instagram.fpos4-1.fna.fbcdn.net&_nc_cat=102&_nc_ohc=ohaS3VLHD8QQ7kNvgGUaneO&edm=APs17CUBAAAA&ccb=7-5&oh=00_AYDXFCcmaVpgi8TPOe7z-z1S4KQ_C8D-LWgfs4uNcgPLyA&oe=66BF94F4&_nc_sid=10d13b,PicabooüòÇ‚ù§Ô∏è,3372804766098003064,https://www.instagram.com/letsblinkit/?hl=en,0,18275035495236516,0,https://instagram.fpos4-1.fna.fbcdn.net/v/t51.2885-19/445077078_1160017951880846_7634341597943798893_n.jpg?stp=dst-jpg_s150x150&_nc_ht=instagram.fpos4-1.fna.fbcdn.net&_nc_cat=102&_nc_ohc=RF7LhP78SJoQ7kNvgHETRSH&edm=APs17CUBAAAA&ccb=7-5&oh=00_AYAbjrmNiQnkyR_HnKoRQ5miYPZjDf199tnTuvO3kw7C_w&oe=66BFA976&_nc_sid=10d13b,neel_momaya17,PicabooüòÇ‚ù§Ô∏è,2024-07-31T09:31:28.000Z,1.7874127452133648e+16,0,https://instagram.fpos4-1.fna.fbcdn.net/v/t51.2885-19/450608874_2866903646792114_6131149393887525946_n.jpg?stp=dst-jpg_s150x150&_nc_ht=instagram.fpos4-1.fna.fbcdn.net&_nc_cat=102&_nc_ohc=W1WpFt8Zo6YQ7kNvgHSGWmJ&edm=APs17CUBAAAA&ccb=7-5&oh=00_AYAUC6yYgPti8ISW7P3lUAYCLcz4rpcokwrQdOWN21yBVw&oe=66BFA699&_nc_sid=10d13b,pannagakashyap,1.0,Manforce?,2024-07-27T11:00:20.000Z,1.814318300533351e+16,0.0,https://instagram.fpos4-1.fna.fbcdn.net/v/t51.2885-19/453519479_818821573565709_7571189459096476937_n.jpg?stp=dst-jpg_s150x150&_nc_ht=instagram.fpos4-1.fna.fbcdn.net&_nc_cat=109&_nc_ohc=ap7zf5R7x_EQ7kNvgEO_8vA&edm=APs17CUBAAAA&ccb=7-5&oh=00_AYAZUolscUW-Th_WMsOIMhEU1uKIH-pOJLrCQodZw5T1Mg&oe=66BFACA6&_nc_sid=10d13b,kashvi__devil_queen,0.0,üòÇüòÇ,2024-07-17T08:03:39.000Z,1.8050915908741384e+16,0.0,https://instagram.fpos4-1.fna.fbcdn.net/v/t51.2885-19/448983107_314333941731905_716156004136472907_n.jpg?stp=dst-jpg_s150x150&_nc_ht=instagram.fpos4-1.fna.fbcdn.net&_nc_cat=105&_nc_ohc=XQKQVGpDN8QQ7kNvgHL6dju&edm=APs17CUBAAAA&ccb=7-5&oh=00_AYCylTtxN7J-O7Yn4SRmjBtm4tBHJ75f7xT6xhzwv7wBXw&oe=66BF9059&_nc_sid=10d13b,maafia__,0.0,Teda medaüò¢,2024-07-09T12:28:17.000Z,1.7950321337697492e+16,0.0,https://instagram.fpos4-1.fna.fbcdn.net/v/t51.2885-19/420582749_3963657410532923_2446564388961396168_n.jpg?stp=dst-jpg_s150x150&_nc_ht=instagram.fpos4-1.fna.fbcdn.net&_nc_cat=111&_nc_ohc=jPlJUcThKsgQ7kNvgHnb7iF&edm=APs17CUBAAAA&ccb=7-5&oh=00_AYAE5t8GVnqahgJ8cDNQxaO9zp-suXfpKCDc1l32lE3dHA&oe=66BF99CE&_nc_sid=10d13b,riddh_i6107,0.0,India Gate basmati rice,2024-06-30T18:18:52.000Z,1.8122693527364096e+16,0.0,https://instagram.fpos4-1.fna.fbcdn.net/v/t51.2885-19/438645778_1535350667383920_9121042718002268553_n.jpg?stp=dst-jpg_s150x150&_nc_ht=instagram.fpos4-1.fna.fbcdn.net&_nc_cat=100&_nc_ohc=LGVPLgy9v14Q7kNvgEHlhHl&edm=APs17CUBAAAA&ccb=7-5&oh=00_AYD_yn3IfWuN-8GplWbJkrJWE4Xe_Q0ME-Gygj3Lzn3BbA&oe=66BF981B&_nc_sid=10d13b,meranaamakash_,0.0,Hide & seek accha tha üòÇ,2024-06-23T08:00:22.000Z,1.810871700438033e+16,0.0,https://instagram.fpos4-1.fna.fbcdn.net/v/t51.2885-19/453911985_1396568574344904_8679165785703974683_n.jpg?stp=dst-jpg_s150x150&_nc_ht=instagram.fpos4-1.fna.fbcdn.net&_nc_cat=100&_nc_ohc=2SinjB3KeRkQ7kNvgF84kV5&edm=APs17CUBAAAA&ccb=7-5&oh=00_AYC2djHovb9IzyDfoLwC8lbzYcen5LPm5Q67gFOFLYPrDw&oe=66BF9070&_nc_sid=10d13b,bhavye_arora,0.0,üòÇüòÇüòÇ,2024-06-18T17:43:37.000Z,1.7858926542173284e+16,0.0,https://instagram.fpos4-1.fna.fbcdn.net/v/t51.2885-19/442141286_439941591964161_2241130059401931099_n.jpg?stp=dst-jpg_s150x150&_nc_ht=instagram.fpos4-1.fna.fbcdn.net&_nc_cat=109&_nc_ohc=iz0BzctOt_4Q7kNvgHQIOH5&edm=APs17CUBAAAA&ccb=7-5&oh=00_AYAkvf_gcGvNKnkuuizVSgvfPIe-rsz19AEM6ZYLVskYYQ&oe=66BF9B8A&_nc_sid=10d13b,vishwapandya021,0.0,Hajmola,2024-06-03T15:25:49.000Z,149226,Anirudh Ravichander,449096900844803.0,False,"Coolie Disco (From ""Coolie"")",False,Blinkit,1933601744,letsblinkit,clips,C7OnBCcBBR4,2024-05-21T11:13:02.000Z,Video,https://www.instagram.com/p/C7OnBCcBBR4/,20.038,2753843.0,https://instagram.fpos4-1.fna.fbcdn.net/o1/v/t16/f2/m69/An-LM5CAXOArJntt583cHYXPz4IDMbua64pGTjMRHG4Vr8U6JZ_bFZc854IKUKTkQVFMjmJAJw7c64WyZQVfERg.mp4?efg=eyJxZV9ncm91cHMiOiJbXCJpZ193ZWJfZGVsaXZlcnlfdnRzX290ZlwiXSIsInZlbmNvZGVfdGFnIjoidnRzX3ZvZF91cmxnZW4uY2xpcHMuYzIuMTA4MC5iYXNlbGluZSJ9&_nc_ht=instagram.fpos4-1.fna.fbcdn.net&_nc_cat=111&vs=1097571914668412_1567403106&_nc_vs=HBksFQIYOnBhc3N0aHJvdWdoX2V2ZXJzdG9yZS9HUFg2OUJLaHJobkVTWG9CQUtWcHIxMVRHT2xiYnBSMUFBQUYVAALIAQAVAhg6cGFzc3Rocm91Z2hfZXZlcnN0b3JlL0dOTU5qQnJrckx1dmQwd0JBTnBJNzU4eHg0c0ticV9FQUFBRhUCAsgBACgAGAAbABUAACb8stuxvZ%2BFQBUCKAJDMywXQDQIcrAgxJwYFmRhc2hfYmFzZWxpbmVfMTA4MHBfdjERAHX%2BBwA%3D&_nc_rid=fd6c75070c&ccb=9-4&oh=00_AYCKoqv2F4lnp-LBxnqjLXCb8VL0mp97x8ixmbXPwK9uHg&oe=66BBAED5&_nc_sid=10d13b,1393224.0
69,"call me kids, adults, legends, and ultra legends ‚ô•Ô∏è",826,1333,750,https://scontent-xsp1-3.cdninstagram.com/v/t51.29350-15/440914356_424868396981937_2399763091363916313_n.jpg?stp=dst-jpg_e15&_nc_ht=scontent-xsp1-3.cdninstagram.com&_nc_cat=109&_nc_ohc=CRaBBB3lQFsQ7kNvgFnSFIh&edm=APs17CUBAAAA&ccb=7-5&oh=00_AYCGMry2Gx1I6RL99147UT6kmUE-FJ4_EXrqUW45tBB0CQ&oe=66BFA751&_nc_sid=10d13b,Ultra legends üòÇ,3373510142686718146,https://www.instagram.com/letsblinkit/?hl=en,0,18013596413606833,0,https://scontent-xsp1-2.cdninstagram.com/v/t51.2885-19/454322882_1698490327642708_8986453275214286042_n.jpg?stp=dst-jpg_s150x150&_nc_ht=scontent-xsp1-2.cdninstagram.com&_nc_cat=104&_nc_ohc=53qRoRwlEEkQ7kNvgHzIEZD&edm=APs17CUBAAAA&ccb=7-5&oh=00_AYDlMFwmedvvGJ6Hx73M95GRcrw_154jn2f9_eAXZV4C5g&oe=66BFAFA2&_nc_sid=10d13b,its_sanu_namdev123,Ultra legends üòÇ,2024-08-08T16:12:32.000Z,1.797029303977028e+16,0,https://scontent-xsp1-2.cdninstagram.com/v/t51.2885-19/452480512_828717315904702_6918049347170478650_n.jpg?stp=dst-jpg_s150x150&_nc_ht=scontent-xsp1-2.cdninstagram.com&_nc_cat=110&_nc_ohc=MDI_IpvvaYUQ7kNvgFvDbEr&edm=APs17CUBAAAA&ccb=7-5&oh=00_AYDImys97cCUNUCw4ojSs080vBG6gMyR2nlF_Z5WDNDPPg&oe=66BFBA93&_nc_sid=10d13b,cu_tiepie5678,0.0,Kids,2024-08-08T08:56:05.000Z,1.7901699704943122e+16,0.0,https://scontent-xsp1-3.cdninstagram.com/v/t51.2885-19/295592500_364234922538525_3491138541519034295_n.jpg?stp=dst-jpg_s150x150&_nc_ht=scontent-xsp1-3.cdninstagram.com&_nc_cat=109&_nc_ohc=5z8PKPjR6TYQ7kNvgG8I5ZT&edm=APs17CUBAAAA&ccb=7-5&oh=00_AYAA9TmvP0B7yd3GDjX6MSlBMOKdzo3kIc665ZwN29vpKQ&oe=66BFA472&_nc_sid=10d13b,05ziddikuri,0.0,I'm a kidüåöüòÖ,2024-08-04T16:13:32.000Z,1.827303043021195e+16,0.0,https://scontent-xsp1-1.cdninstagram.com/v/t51.2885-19/448518182_856079909711678_2140782957855878661_n.jpg?stp=dst-jpg_s150x150&_nc_ht=scontent-xsp1-1.cdninstagram.com&_nc_cat=102&_nc_ohc=MrsVO4Gw8KMQ7kNvgESNwi7&edm=APs17CUBAAAA&ccb=7-5&oh=00_AYBTv_37pcTLLEPideasQxsQyCUmlH6GBrTElAi8OpJJFA&oe=66BF9B0B&_nc_sid=10d13b,saim_zeeshan196,0.0,Kids are best alwaysüòÇ?,2024-08-03T12:11:55.000Z,1.8036502526050876e+16,0.0,https://scontent-xsp1-1.cdninstagram.com/v/t51.2885-19/448908202_1200987587701697_2118314830295410189_n.jpg?stp=dst-jpg_s150x150&_nc_ht=scontent-xsp1-1.cdninstagram.com&_nc_cat=105&_nc_ohc=KrPYTGdYShUQ7kNvgHv1PdX&edm=APs17CUBAAAA&ccb=7-5&oh=00_AYAt1ImbWO8wqjuzePbZZeCMepTrJOFseyqrHuEPDUkZ_A&oe=66BFBBE6&_nc_sid=10d13b,__divyarajput15,0.0,Ultra legendsüôåüòÇ,2024-08-03T09:26:22.000Z,1.7865710688123924e+16,0.0,https://scontent-xsp2-1.cdninstagram.com/v/t51.2885-19/454654561_2295212644154351_1917800912720056439_n.jpg?stp=dst-jpg_s150x150&_nc_ht=scontent-xsp2-1.cdninstagram.com&_nc_cat=111&_nc_ohc=F1b4-ULK-SMQ7kNvgHH6C8F&edm=APs17CUBAAAA&ccb=7-5&oh=00_AYBLVGVPB4p3q2VGhN5Banw7AEuheBCD5xdq4AGvP1i4tw&oe=66BFACEF&_nc_sid=10d13b,menkakumari905,0.0,Ultra legends__________,2024-08-01T09:48:08.000Z,1.8032697223946988e+16,0.0,https://scontent-xsp1-2.cdninstagram.com/v/t51.2885-19/439482875_412152204892141_8679182699694768780_n.jpg?stp=dst-jpg_s150x150&_nc_ht=scontent-xsp1-2.cdninstagram.com&_nc_cat=101&_nc_ohc=VCxdqPTalp0Q7kNvgFoCxEK&edm=APs17CUBAAAA&ccb=7-5&oh=00_AYCuuc9MkxmWKr0r3e9xpM4-3PdHXEVInlMwISXEsiW8jw&oe=66BFB28E&_nc_sid=10d13b,abrish_27_27,0.0,All >>>>üòÇüòÇ,2024-07-31T15:42:58.000Z,1.8050989975693224e+16,0.0,https://scontent-xsp2-1.cdninstagram.com/v/t51.2885-19/454048852_3641901939458214_2437116044755603561_n.jpg?stp=dst-jpg_s150x150&_nc_ht=scontent-xsp2-1.cdninstagram.com&_nc_cat=106&_nc_ohc=REKDNT9GpVsQ7kNvgFqBdex&edm=APs17CUBAAAA&ccb=7-5&oh=00_AYDY4HDYXsmdRUQ0-iGv_8S-RCvNSdXenNbgdtbGsHTceg&oe=66BFA7F7&_nc_sid=10d13b,anita14301a,0.0,Ultra legends üòçüòÇ,2024-07-28T11:47:39.000Z,92659,ELVIN,985236826456888.0,False,Ding Dong x Love Dose,False,Blinkit,1933601744,letsblinkit,clips,C7RHZnlBOjC,2024-05-22T10:32:00.000Z,Video,https://www.instagram.com/p/C7RHZnlBOjC/,13.048,2322956.0,https://scontent-xsp1-1.cdninstagram.com/o1/v/t16/f2/m69/An9yz-p8CDc69nwWldQuJjbjk3TvKHPGKDSsS3jvxaUbBEf5rZDt4TOtvQPU_Lql7R2FJen21tKkKUL7uE1NFg6X.mp4?efg=eyJxZV9ncm91cHMiOiJbXCJpZ193ZWJfZGVsaXZlcnlfdnRzX290ZlwiXSIsInZlbmNvZGVfdGFnIjoidnRzX3ZvZF91cmxnZW4uY2xpcHMuYzIuMTA4MC5iYXNlbGluZSJ9&_nc_ht=scontent-xsp1-1.cdninstagram.com&_nc_cat=108&vs=1240171383621747_589645053&_nc_vs=HBksFQIYOnBhc3N0aHJvdWdoX2V2ZXJzdG9yZS9HRGt0NmdJZjNIS19WSDBIQUh1X05JWUZIVmtYYnBSMUFBQUYVAALIAQAVAhg6cGFzc3Rocm91Z2hfZXZlcnN0b3JlL0dJeVlNQm91eHc4MDhDUUJBTjV6UU5OczUtY3dicV9FQUFBRhUCAsgBACgAGAAbABUAACaG%2FuOah7PmPxUCKAJDMywXQCoQ5WBBiTcYFmRhc2hfYmFzZWxpbmVfMTA4MHBfdjERAHX%2BBwA%3D&_nc_rid=8b92eab970&ccb=9-4&oh=00_AYDB2JvjJRBFZvHvlVpYjkLUSqrol5AokOU_YWpKkuWAHg&oe=66BBC243&_nc_sid=10d13b,1075812.0
92,will you have mangoes with me? ü•∫ü•≠,769,1920,1080,https://scontent-atl3-1.cdninstagram.com/v/t51.29350-15/439713815_989130399311337_6865613537858760638_n.jpg?stp=dst-jpg_e35_p1080x1080_sh0.08&_nc_ht=scontent-atl3-1.cdninstagram.com&_nc_cat=109&_nc_ohc=rosI8HSBNugQ7kNvgGfKYFv&edm=APs17CUBAAAA&ccb=7-5&oh=00_AYCrtYWze9oMGjfYXm66s_m0kJPV3grWJ2l8kA0WVwa7GA&oe=66BF9E5D&_nc_sid=10d13b,I've always imagined that someone would surprise me with mangoes on our first date.,3351069817448106077,https://www.instagram.com/letsblinkit/?hl=en,0,17954600180698833,0,https://scontent-atl3-1.cdninstagram.com/v/t51.2885-19/451315078_1679776496204502_4549606291063548953_n.jpg?stp=dst-jpg_s150x150&_nc_ht=scontent-atl3-1.cdninstagram.com&_nc_cat=106&_nc_ohc=mzlrAEcDxI0Q7kNvgH4UjfB&edm=APs17CUBAAAA&ccb=7-5&oh=00_AYBg9TcuhFw-kUArC_8Gix2HEqdbPFXOrXJFWDJXwkoi4g&oe=66BFAECC&_nc_sid=10d13b,triipttii,I've always imagined that someone would surprise me with mangoes on our first date.,2024-08-11T10:04:27.000Z,1.812353797336805e+16,0,https://scontent-atl3-1.cdninstagram.com/v/t51.2885-19/453283035_432924906373857_8531235511986390207_n.jpg?stp=dst-jpg_s150x150&_nc_ht=scontent-atl3-1.cdninstagram.com&_nc_cat=109&_nc_ohc=0P35EkW-uMYQ7kNvgGqgbk_&edm=APs17CUBAAAA&ccb=7-5&oh=00_AYDqGdfFjMO-kPtvhY0mjKFoWxE9fX4265OxLrvk-X7lmQ&oe=66BFB235&_nc_sid=10d13b,sawrvive,1.0,@bhataayeena6789 üòà,2024-07-25T15:33:41.000Z,1.802184628436763e+16,0.0,https://scontent-atl3-2.cdninstagram.com/v/t51.2885-19/450314097_1812872162513915_293453343424161528_n.jpg?stp=dst-jpg_s150x150&_nc_ht=scontent-atl3-2.cdninstagram.com&_nc_cat=111&_nc_ohc=cyFtUfqNZvkQ7kNvgErulPS&edm=APs17CUBAAAA&ccb=7-5&oh=00_AYC6z3d9VXGRJoFNjxHSLZ3lGUI4GmkqkXjHgM-aFi02Gg&oe=66BF9F33&_nc_sid=10d13b,seeu_tribe,0.0,Even this love story ended in July. üòî,2024-07-25T12:52:44.000Z,1.7854076436232948e+16,0.0,https://scontent-atl3-1.cdninstagram.com/v/t51.2885-19/448363158_1189657372062622_6066436292350354304_n.jpg?stp=dst-jpg_s150x150&_nc_ht=scontent-atl3-1.cdninstagram.com&_nc_cat=110&_nc_ohc=7VRzSIEaoNQQ7kNvgEa8VGG&edm=APs17CUBAAAA&ccb=7-5&oh=00_AYCJLcyQnjpbQ3VsSrpFqBcpX3BUtnaesf2kiz7pV5hlJg&oe=66BF9C7B&_nc_sid=10d13b,kiaa_khushi,0.0,‚ù§Ô∏è,2024-07-24T04:45:54.000Z,1.805729812064238e+16,1.0,https://scontent-ams2-1.cdninstagram.com/v/t51.2885-19/44884218_345707102882519_2446069589734326272_n.jpg?_nc_ht=scontent-ams2-1.cdninstagram.com&_nc_cat=1&_nc_ohc=VEonLlax_vYQ7kNvgEsWnxR&edm=AAAAAAABAAAA&ccb=7-5&ig_cache_key=YW5vbnltb3VzX3Byb2ZpbGVfcGlj.2-ccb7-5&oh=00_AYBDSM2gJ_VkS7wyf1B1a7_H6MbTG-fqDjR7jNhsnwhFRQ&oe=66BF970F&_nc_sid=328259,aditya_singh_jaiswar,0.0,..Ye Aam khaas hai..‚ù§Ô∏èüôå..,2024-07-23T11:38:43.000Z,1.7867864091149056e+16,0.0,https://scontent-atl3-1.cdninstagram.com/v/t51.2885-19/446969244_843125291002383_898520500999462283_n.jpg?stp=dst-jpg_s150x150&_nc_ht=scontent-atl3-1.cdninstagram.com&_nc_cat=103&_nc_ohc=qCru3YSuRlYQ7kNvgEh-dYF&edm=APs17CUBAAAA&ccb=7-5&oh=00_AYAK4jD6ExEAA7YWJHEbGSqmmDhZO7lEhVW6TkfpRPOAgw&oe=66BFC34A&_nc_sid=10d13b,techboy.py,0.0,Dark kar diya Biro üíÄ,2024-07-07T11:05:35.000Z,1.7887880235059304e+16,0.0,https://scontent-atl3-1.cdninstagram.com/v/t51.2885-19/453453210_501179132412247_7007895837196736618_n.jpg?stp=dst-jpg_s150x150&_nc_ht=scontent-atl3-1.cdninstagram.com&_nc_cat=107&_nc_ohc=M0NIYvkyItAQ7kNvgFqdMny&edm=APs17CUBAAAA&ccb=7-5&oh=00_AYA7CnUQ0Tnq9DcuhTyXr0qWzGiopmD-Vs7B0m3pKAMJrA&oe=66BFAEAC&_nc_sid=10d13b,luvlee_her02,0.0,If it is mangoes ...man goes,2024-07-03T08:29:08.000Z,1.8028208711496104e+16,0.0,https://scontent-atl3-1.cdninstagram.com/v/t51.2885-19/403058065_7504442952904725_2223700433730570345_n.jpg?stp=dst-jpg_s150x150&_nc_ht=scontent-atl3-1.cdninstagram.com&_nc_cat=109&_nc_ohc=VQ6xAPKbQiYQ7kNvgGZLrWS&edm=APs17CUBAAAA&ccb=7-5&oh=00_AYBw1_I02juNvS1XdYlidmO_XHYWbpQR27tOvrMDTDz2Kg&oe=66BFAAA3&_nc_sid=10d13b,its_me_ana18,0.0,üòçüòç,2024-06-26T16:13:40.000Z,378944,"Pritam, Amit Mishra, Anushka Manchanda, Antara Mitra",2018810798379564.0,False,"Manma Emotion Jaage (From ""Dilwale"")",False,Blinkit,1933601744,letsblinkit,clips,C6BZD6Ghwhd,2024-04-21T11:26:15.000Z,Video,https://www.instagram.com/p/C6BZD6Ghwhd/,7.833,9242233.0,https://scontent-atl3-1.cdninstagram.com/o1/v/t16/f1/m82/C64ADE658B9578C1DB736E5F6F115498_video_dashinit.mp4?efg=eyJxZV9ncm91cHMiOiJbXCJpZ193ZWJfZGVsaXZlcnlfdnRzX290ZlwiXSIsInZlbmNvZGVfdGFnIjoidnRzX3ZvZF91cmxnZW4uY2xpcHMuYzIuNzIwLmJhc2VsaW5lIn0&_nc_ht=scontent-atl3-1.cdninstagram.com&_nc_cat=109&vs=799542568694761_330295442&_nc_vs=HBksFQIYT2lnX3hwdl9yZWVsc19wZXJtYW5lbnRfcHJvZC9DNjRBREU2NThCOTU3OEMxREI3MzZFNUY2RjExNTQ5OF92aWRlb19kYXNoaW5pdC5tcDQVAALIAQAVAhg6cGFzc3Rocm91Z2hfZXZlcnN0b3JlL0dKNDE5Um5IQk9ySHBKVUJBQnppQkZDY1o4MF9icV9FQUFBRhUCAsgBACgAGAAbABUAACaYtP7j672CQBUCKAJDMywXQB9U%2FfO2RaIYEmRhc2hfYmFzZWxpbmVfMV92MREAdf4HAA%3D%3D&_nc_rid=5d86eb83f7&ccb=9-4&oh=00_AYCm0T0JS_EIn4WrgRUiOHqA5F9X7LwoDYLcyL-s8B3epQ&oe=66BBA5E2&_nc_sid=10d13b,5664023.0
100,it do be like that üò≠,60,1333,750,https://instagram.fagt4-1.fna.fbcdn.net/v/t51.29350-15/437398312_445133548088658_3605166293066824638_n.jpg?stp=dst-jpg_e15&_nc_ht=instagram.fagt4-1.fna.fbcdn.net&_nc_cat=106&_nc_ohc=napBQEM88s4Q7kNvgEADOGQ&edm=APs17CUBAAAA&ccb=7-5&oh=00_AYC91mrJC4-SfhKBpTAgsgSVhLT648Ne6bSUpgZyGGtXgw&oe=66BFB31F&_nc_sid=10d13b,I am a sev bhujia dinner wali üôåüòÇ,3343089988253629696,https://www.instagram.com/letsblinkit/?hl=en,0,18037741762780894,1,https://instagram.fagt4-1.fna.fbcdn.net/v/t51.2885-19/453918497_1699578617463869_8281839994046724283_n.jpg?stp=dst-jpg_s150x150&_nc_ht=instagram.fagt4-1.fna.fbcdn.net&_nc_cat=105&_nc_ohc=T8xoqXCQE_EQ7kNvgF1f_nH&edm=APs17CUBAAAA&ccb=7-5&oh=00_AYCgWS-yRgmZqphAkSPs5Dsm9MKd1XRTZPqpf-HgMJu5ug&oe=66BFB3CD&_nc_sid=10d13b,creatorrajul_8,I am a sev bhujia dinner wali üôåüòÇ,2024-06-18T18:58:09.000Z,1.803783686285491e+16,0,https://instagram.fagt4-1.fna.fbcdn.net/v/t51.2885-19/454381245_1462630111114387_2581692573302521827_n.jpg?stp=dst-jpg_s150x150&_nc_ht=instagram.fagt4-1.fna.fbcdn.net&_nc_cat=107&_nc_ohc=1R1nMO6FPA8Q7kNvgH7dsXT&edm=APs17CUBAAAA&ccb=7-5&oh=00_AYDJaNU9sBKMeNG5qQKlg2dyQmTKaYBq5beiT7sdCfr44A&oe=66BF9610&_nc_sid=10d13b,janisha.anand,0.0,Früò≠üò≠ü§ßü§ß,2024-04-22T10:38:22.000Z,1.8047093698649708e+16,0.0,https://instagram.fagt4-1.fna.fbcdn.net/v/t51.2885-19/449689882_979426076979836_1619461634264866082_n.jpg?stp=dst-jpg_s150x150&_nc_ht=instagram.fagt4-1.fna.fbcdn.net&_nc_cat=108&_nc_ohc=DMiEbDVQODAQ7kNvgElqvTk&edm=APs17CUBAAAA&ccb=7-5&oh=00_AYAfn0I_yGxLDIgynCpEls3Sppjak0Z-RN69dRIPoKEW2w&oe=66BFAB5F&_nc_sid=10d13b,nutritionby_simpal,0.0,"Totally wrong, Nowadays girls eat more snacks as compared to boys.",2024-04-16T17:49:07.000Z,1.7861029614113532e+16,0.0,https://instagram.fagt4-1.fna.fbcdn.net/v/t51.2885-19/454141482_1143082020094854_226395166883017836_n.jpg?stp=dst-jpg_s150x150&_nc_ht=instagram.fagt4-1.fna.fbcdn.net&_nc_cat=106&_nc_ohc=Myo0Ou1obRAQ7kNvgFMLMEr&edm=APs17CUBAAAA&ccb=7-5&oh=00_AYCTZXOPGpABRhbrJ3dilQ7c3jPOTmEpCjd2xxCeApXAcQ&oe=66BF8DBC&_nc_sid=10d13b,somia.3112,0.0,Ig I have a weiner nowü§∑üèª,2024-04-16T17:14:39.000Z,1.809003890842713e+16,0.0,https://instagram.fagt4-1.fna.fbcdn.net/v/t51.2885-19/451230002_1022738715907214_1483575429832824634_n.jpg?stp=dst-jpg_s150x150&_nc_ht=instagram.fagt4-1.fna.fbcdn.net&_nc_cat=102&_nc_ohc=M6AYu-AndfoQ7kNvgEkZj_r&edm=APs17CUBAAAA&ccb=7-5&oh=00_AYC_fndiRjiGSmrVolkWaF8fMGHP7l0YvF6SIjf3Ex4vxQ&oe=66BF9F71&_nc_sid=10d13b,sayeesha_37,0.0,I am a girl but boys dinner is my breakfast üíÄüòÜ,2024-04-16T12:41:23.000Z,1.8002617112442024e+16,0.0,https://instagram.fbom35-1.fna.fbcdn.net/v/t51.2885-19/44884218_345707102882519_2446069589734326272_n.jpg?_nc_ht=instagram.fbom35-1.fna.fbcdn.net&_nc_cat=1&_nc_ohc=VEonLlax_vYQ7kNvgHsLYzV&edm=AJ9x6zYBAAAA&ccb=7-5&ig_cache_key=YW5vbnltb3VzX3Byb2ZpbGVfcGlj.2-ccb7-5&oh=00_AYDZKuBigIoNImx9zhLdExY9Dp-DRu3XpYtxHAdsYyluvw&oe=66BF970F&_nc_sid=65462d,nibfjlcjlogg,0.0,Subah me ads sham ko leads bolo ads chlau kya,2024-04-14T17:15:52.000Z,1.799054740446938e+16,0.0,https://instagram.fagt4-1.fna.fbcdn.net/v/t51.2885-19/449692516_349452188007567_8600487893543566964_n.jpg?stp=dst-jpg_s150x150&_nc_ht=instagram.fagt4-1.fna.fbcdn.net&_nc_cat=103&_nc_ohc=iwu8Ml0pLuUQ7kNvgEWvvLD&edm=APs17CUBAAAA&ccb=7-5&oh=00_AYDbZtXTsAtkPiWrxNDNrllfDgUbw23BijPu5xeIWqH9jg&oe=66BFC33D&_nc_sid=10d13b,manu3466_,0.0,Mango milega ?,2024-04-13T08:55:16.000Z,1.7880409602048942e+16,0.0,https://instagram.fagt4-1.fna.fbcdn.net/v/t51.2885-19/447130528_476208934756770_3359456219162054411_n.jpg?stp=dst-jpg_s150x150&_nc_ht=instagram.fagt4-1.fna.fbcdn.net&_nc_cat=106&_nc_ohc=mNcIs82VNvsQ7kNvgHTXLCZ&edm=APs17CUBAAAA&ccb=7-5&oh=00_AYBFS10WXdnhtVAx84blXjzZcVsTgmlDlyfNGIKQHiYdLg&oe=66BFB392&_nc_sid=10d13b,shana_wazsidd,0.0,Kya matlab ham khate nhi hainüôå,2024-04-12T21:32:06.000Z,1986,"Diljit Dosanjh, Badshah, Raj Ranjodh",385836360834712.0,False,"Naina (From ""Crew"")",False,Blinkit,1933601744,letsblinkit,clips,C5lCqHCBb0A,2024-04-10T11:11:09.000Z,Video,https://www.instagram.com/p/C5lCqHCBb0A/,13.346,79970.0,https://instagram.fagt4-1.fna.fbcdn.net/o1/v/t16/f1/m82/614C58FBDB4BB2C1859C4474E8D2E1B8_video_dashinit.mp4?efg=eyJxZV9ncm91cHMiOiJbXCJpZ193ZWJfZGVsaXZlcnlfdnRzX290ZlwiXSIsInZlbmNvZGVfdGFnIjoidnRzX3ZvZF91cmxnZW4uY2xpcHMuYzIuNzIwLmJhc2VsaW5lIn0&_nc_ht=instagram.fagt4-1.fna.fbcdn.net&_nc_cat=111&vs=803655611620903_332239798&_nc_vs=HBksFQIYT2lnX3hwdl9yZWVsc19wZXJtYW5lbnRfcHJvZC82MTRDNThGQkRCNEJCMkMxODU5QzQ0NzRFOEQyRTFCOF92aWRlb19kYXNoaW5pdC5tcDQVAALIAQAVAhg6cGFzc3Rocm91Z2hfZXZlcnN0b3JlL0dBZ2tCUnJ2VjVOWFBITURBRVBlR0E1b0pQMHFicV9FQUFBRhUCAsgBACgAGAAbABUAACb8jqjflryIQRUCKAJDMywXQCqxJul41P4YEmRhc2hfYmFzZWxpbmVfMV92MREAdf4HAA%3D%3D&_nc_rid=92f79c4d22&ccb=9-4&oh=00_AYCvAU3tPbP_53iEuQM4dR9EyX1CLDfcfoizOGVPohHE1w&oe=66BBAC90&_nc_sid=10d13b,30170.0
108,"@letsblinkit helped me win this battle üéñÔ∏èüôå
#nirlajjjj #blinkit 
.
.
.
.
.
.
.
.
#reels #reelitfeelit #reelkarofeelkaro #reelsinstagram #banks #governmentbank #relatable #makers #entertainment #fun #comedy #ad",364,1921,1080,https://instagram.ftol1-1.fna.fbcdn.net/v/t51.29350-15/434588146_919970199870929_8445758950544396851_n.jpg?stp=dst-jpg_e15&_nc_ht=instagram.ftol1-1.fna.fbcdn.net&_nc_cat=105&_nc_ohc=v8I11N8c9KgQ7kNvgGr2smn&edm=APs17CUBAAAA&ccb=7-5&oh=00_AYCixbGy4TM6S37m5rcN8syNYNCO-d6542LIRnHo7FWj2w&oe=66BF93CA&_nc_sid=10d13b,@rritz7878 üòÇüòÇ,3332940036876592212,https://www.instagram.com/letsblinkit/?hl=en,0,18073416001538981,0,https://instagram.ftol1-1.fna.fbcdn.net/v/t51.2885-19/432423492_788149339840702_4233082867528712261_n.jpg?stp=dst-jpg_s150x150&_nc_ht=instagram.ftol1-1.fna.fbcdn.net&_nc_cat=110&_nc_ohc=Kn42ikHkZB8Q7kNvgHukd97&edm=APs17CUBAAAA&ccb=7-5&oh=00_AYAf6KjfSgtWBclg0EN5WdcatgW7lbuANw4r_7eBwG8ZQA&oe=66BF90E4&_nc_sid=10d13b,jalvi_abhi06,@rritz7878 üòÇüòÇ,2024-08-06T05:33:05.000Z,1.8053143057635816e+16,0,https://instagram.ftol1-1.fna.fbcdn.net/v/t51.2885-19/400737825_280822991044814_2414996868337753348_n.jpg?stp=dst-jpg_s150x150&_nc_ht=instagram.ftol1-1.fna.fbcdn.net&_nc_cat=102&_nc_ohc=rs8jnh1et9AQ7kNvgHT3viQ&edm=APs17CUBAAAA&ccb=7-5&oh=00_AYDWcfeMzGBAeBvHH0zG0N3F5TL_Fft12r0CY6QnqAGPsg&oe=66BFB8FA&_nc_sid=10d13b,pameiscreams,0.0,üòÇüòÇüòÇ,2024-06-13T03:25:50.000Z,1.8435452425045012e+16,0.0,https://instagram.ftol1-1.fna.fbcdn.net/v/t51.2885-19/289275615_742553100117332_8592391101181531067_n.jpg?stp=dst-jpg_s150x150&_nc_ht=instagram.ftol1-1.fna.fbcdn.net&_nc_cat=108&_nc_ohc=Q5eqFrpaLBAQ7kNvgEXbJaH&edm=APs17CUBAAAA&ccb=7-5&oh=00_AYD3zOKdzK2zdgc8nI_B3PQFWGhtv35deKtwj7fUFogkdw&oe=66BFA124&_nc_sid=10d13b,dasguptaaayush19,0.0,No SBI was harmed during this video üòÇüòÇüòÇ,2024-05-23T09:13:52.000Z,1.8039817747847244e+16,0.0,https://instagram.ftol1-1.fna.fbcdn.net/v/t51.2885-19/240461460_563521708024062_4076209608817824320_n.jpg?stp=dst-jpg_s150x150&_nc_ht=instagram.ftol1-1.fna.fbcdn.net&_nc_cat=106&_nc_ohc=rxFh9UVgJjAQ7kNvgER9ezp&edm=APs17CUBAAAA&ccb=7-5&oh=00_AYDNsrv4_xMhwGHo79oJGNkTvTnxnmP1AkTyWePid4HqTA&oe=66BF9E8E&_nc_sid=10d13b,___kaviii07,0.0,üòÇüòÇüòÇ,2024-05-18T05:54:00.000Z,1.803626971091293e+16,0.0,https://instagram.ftol1-1.fna.fbcdn.net/v/t51.2885-19/379757541_6673395692709642_6992521789875074827_n.jpg?stp=dst-jpg_s150x150&_nc_ht=instagram.ftol1-1.fna.fbcdn.net&_nc_cat=106&_nc_ohc=qjzxYEpKT1gQ7kNvgEG8jMg&edm=APs17CUBAAAA&ccb=7-5&oh=00_AYCM3AFhcaVdh4Eh9pI9aSDn3Fh0cBK2oFcIJrpJWABfyA&oe=66BF9814&_nc_sid=10d13b,daddy0374,0.0,üòÇüòÇüòÇ,2024-05-17T12:13:13.000Z,1.8018660029250256e+16,0.0,https://instagram.ftol1-1.fna.fbcdn.net/v/t51.2885-19/44865147_1951888758454315_6556182657250623488_n.jpg?stp=dst-jpg_s150x150&_nc_ht=instagram.ftol1-1.fna.fbcdn.net&_nc_cat=107&_nc_ohc=8CjE890sWbsQ7kNvgG2Pot0&edm=APs17CUBAAAA&ccb=7-5&oh=00_AYAqi7MRBcDb7SUsKxrUxTYW96FK7jgPrcZ97Dn8UyXcJQ&oe=66BF93BC&_nc_sid=10d13b,sharon_prisca_d,0.0,So very true!!!,2024-05-16T00:55:19.000Z,1.826445900723185e+16,0.0,https://instagram.ftol1-1.fna.fbcdn.net/v/t51.2885-19/445887211_420779144217684_4596181350716119150_n.jpg?stp=dst-jpg_s150x150&_nc_ht=instagram.ftol1-1.fna.fbcdn.net&_nc_cat=100&_nc_ohc=iC3_78EORk0Q7kNvgH4sdYh&edm=APs17CUBAAAA&ccb=7-5&oh=00_AYDjQ2sFne3FTB3Yi7dDXoLUrXN_kOQdsXGJl9Q-8_D2CQ&oe=66BFC0CE&_nc_sid=10d13b,muktar2268,0.0,Kal @maisamayhoon,2024-04-26T11:19:56.000Z,1.7995890227616414e+16,1.0,https://instagram.ftol1-1.fna.fbcdn.net/v/t51.2885-19/436280752_472548438612819_7882381298004709231_n.jpg?stp=dst-jpg_s150x150&_nc_ht=instagram.ftol1-1.fna.fbcdn.net&_nc_cat=103&_nc_ohc=DHaHQgbYqysQ7kNvgFk1s38&edm=APs17CUBAAAA&ccb=7-5&oh=00_AYCb5nNBGDRomyV4aWVimatFSSP-ML49Gs2FUP9V-dTdjA&oe=66BFA101&_nc_sid=10d13b,kadambari.curlybliss,0.0,üòÇüòÇüòÇüòÇitna sach,2024-04-22T06:38:27.000Z,210557,nirlajjjj,431317062893061.0,False,Original audio,True,Nilraj,49014186022,nirlajjjj,clips,C5A-04LtORU,2024-03-27T11:09:25.000Z,Video,https://www.instagram.com/p/C5A-04LtORU/,89.533,2882133.0,https://instagram.ftol1-1.fna.fbcdn.net/o1/v/t16/f1/m82/304FA93E760B0EC632267045478CB5AC_video_dashinit.mp4?efg=eyJxZV9ncm91cHMiOiJbXCJpZ193ZWJfZGVsaXZlcnlfdnRzX290ZlwiXSIsInZlbmNvZGVfdGFnIjoidnRzX3ZvZF91cmxnZW4uY2xpcHMuYzIuNzIwLmJhc2VsaW5lIn0&_nc_ht=instagram.ftol1-1.fna.fbcdn.net&_nc_cat=101&vs=425991590219854_501065664&_nc_vs=HBksFQIYT2lnX3hwdl9yZWVsc19wZXJtYW5lbnRfcHJvZC8zMDRGQTkzRTc2MEIwRUM2MzIyNjcwNDU0NzhDQjVBQ192aWRlb19kYXNoaW5pdC5tcDQVAALIAQAVAhg6cGFzc3Rocm91Z2hfZXZlcnN0b3JlL0dEaFM1eGxmeTY1RDdtQUdBTGk5TlpEQTF5OEhicV9FQUFBRhUCAsgBACgAGAAbABUAACaAqPTh0umDQBUCKAJDMywXQFZiHKwIMScYEmRhc2hfYmFzZWxpbmVfMV92MREAdf4HAA%3D%3D&_nc_rid=a84f12e0e5&ccb=9-4&oh=00_AYBORGZt0Sws7PnAKIxgkGSkaTe7bBIuJ_p6969MaHJisg&oe=66BBCF57&_nc_sid=10d13b,1612171.0
109,tag your siblings ü§™,37,1333,750,https://scontent-dfw5-2.cdninstagram.com/v/t51.29350-15/435204996_2710452592464090_2969533733201686651_n.jpg?stp=dst-jpg_e15&_nc_ht=scontent-dfw5-2.cdninstagram.com&_nc_cat=106&_nc_ohc=zUpPbEAJmIAQ7kNvgELS4Fq&edm=APs17CUBAAAA&ccb=7-5&oh=00_AYC8bBI6__nqSke5l_t_8MRMvBqW1kRSug5aw6DP36BzIQ&oe=66BFA31E&_nc_sid=10d13b,Bana deti hu main sister ke liye apne liye banane mein alas aata hai mujheüòÇüòÇ,3337308019653731805,https://www.instagram.com/letsblinkit/?hl=en,0,17886042876021243,0,https://scontent-dfw5-2.cdninstagram.com/v/t51.2885-19/454406842_477052425121524_572051682601642623_n.jpg?stp=dst-jpg_s150x150&_nc_ht=scontent-dfw5-2.cdninstagram.com&_nc_cat=100&_nc_ohc=vVSRylgL4NsQ7kNvgFWyGda&edm=APs17CUBAAAA&ccb=7-5&oh=00_AYAzdrGBnsyLWDeLYTOWbSRllQOuZsBj06xX4vBMWflrgg&oe=66BFB7A3&_nc_sid=10d13b,_tanu_sharma_1999,Bana deti hu main sister ke liye apne liye banane mein alas aata hai mujheüòÇüòÇ,2024-04-23T17:20:47.000Z,1.7914733207828104e+16,0,https://scontent-dfw5-2.cdninstagram.com/v/t51.2885-19/452051660_1041631314015392_8364806945926490605_n.jpg?stp=dst-jpg_s150x150&_nc_ht=scontent-dfw5-2.cdninstagram.com&_nc_cat=108&_nc_ohc=zXUfjdhprg8Q7kNvgEskN4g&edm=APs17CUBAAAA&ccb=7-5&oh=00_AYD7-VeT5METGlJAf-w2ZXQGHZHTbscyJknUlKuX9FcG6w&oe=66BFBF8B&_nc_sid=10d13b,kittu_.agrawal,0.0,Ye to us movement hogyaaa üòå,2024-04-21T08:48:05.000Z,1.8088740871431576e+16,0.0,https://scontent-dfw5-2.cdninstagram.com/v/t51.2885-19/445810110_814584900593622_8448316526384246936_n.jpg?stp=dst-jpg_s150x150&_nc_ht=scontent-dfw5-2.cdninstagram.com&_nc_cat=106&_nc_ohc=TbnqwMQRcEUQ7kNvgGBuxG9&edm=APs17CUBAAAA&ccb=7-5&oh=00_AYDkh2ZSFtE3_QN9qfhi_8Yf-S0VcRTfvF8FoZDxwXbTnA&oe=66BF9B13&_nc_sid=10d13b,bishnudasss,0.0,Aam kaha hai??,2024-04-16T10:21:22.000Z,1.7920750976880988e+16,0.0,https://scontent-dfw5-2.cdninstagram.com/v/t51.2885-19/436409386_985460946629880_6380437459253904531_n.jpg?stp=dst-jpg_s150x150&_nc_ht=scontent-dfw5-2.cdninstagram.com&_nc_cat=100&_nc_ohc=mTizZAoy49IQ7kNvgGqjef4&edm=APs17CUBAAAA&ccb=7-5&oh=00_AYDorAkPzfHcg-jnO3PcjWhKIakFo0fF6k-5uq0urzyKzw&oe=66BFBE48&_nc_sid=10d13b,sudhakarojha14,0.0,Very bad experience.. service is very bad,2024-04-14T06:24:01.000Z,1.8259822432209336e+16,0.0,https://scontent-dfw5-1.cdninstagram.com/v/t51.2885-19/423159724_719095850316599_9063230736751178131_n.jpg?stp=dst-jpg_s150x150&_nc_ht=scontent-dfw5-1.cdninstagram.com&_nc_cat=111&_nc_ohc=IHGRErZ3XiUQ7kNvgEtjG24&edm=APs17CUBAAAA&ccb=7-5&oh=00_AYArUjVx6Z9srmtuxsXWWslGMdE03erSHqscYhRLn25Efg&oe=66BFAA88&_nc_sid=10d13b,ronra_960,0.0,"Hah accurate, Let them learn the arts of @maggiindia",2024-04-10T16:42:10.000Z,1.809765477140225e+16,0.0,https://scontent-dfw5-2.cdninstagram.com/v/t51.2885-19/158003956_951572905582122_7208934888919522922_n.jpg?stp=dst-jpg_s150x150&_nc_ht=scontent-dfw5-2.cdninstagram.com&_nc_cat=106&_nc_ohc=0dxlcWSPdsEQ7kNvgEf8Gnw&edm=APs17CUBAAAA&ccb=7-5&oh=00_AYDXHp94e3PsziJA9iEIIf4hJFf9BuczgLcSFgPlMAE3QA&oe=66BFA0AE&_nc_sid=10d13b,preserva_wellness,0.0,Khudke liye chai banana VS Sibling ke liye chai banana,2024-04-09T12:11:48.000Z,1.8430575862010696e+16,0.0,https://scontent-dfw5-2.cdninstagram.com/v/t51.2885-19/441495495_1337045750325032_4743551703853067503_n.jpg?stp=dst-jpg_s150x150&_nc_ht=scontent-dfw5-2.cdninstagram.com&_nc_cat=108&_nc_ohc=ZRAjmDyFCQIQ7kNvgEkC0r8&edm=APs17CUBAAAA&ccb=7-5&oh=00_AYCFqi8ckybcYwZUgeQsDlocXLydJ5x6442ktxvzuBW1jQ&oe=66BFB957&_nc_sid=10d13b,socialwatchofficial,0.0,@letsblinkit aapko blink krte hi ideas aate hai kyaüòÇüòÇüòÇ just like your name,2024-04-09T09:10:04.000Z,1.802717879599069e+16,0.0,https://scontent-dfw5-2.cdninstagram.com/v/t51.2885-19/359424985_1406434953543546_5141954533463895139_n.jpg?stp=dst-jpg_s150x150&_nc_ht=scontent-dfw5-2.cdninstagram.com&_nc_cat=106&_nc_ohc=rXfETj6t75YQ7kNvgGDp1LX&edm=APs17CUBAAAA&ccb=7-5&oh=00_AYBt79Vc5_vWWTn_xFtQXUzV0arG4z4dMmGBcgPI3Or0bQ&oe=66BFB49A&_nc_sid=10d13b,richlinefood,0.0,Maggie pahado mai Khana üòç,2024-04-06T10:59:09.000Z,2519,"Totaram Sondhiya, Priyanka Nagar, Baba Bhairupia, Gurmeet Bhadana, Lokesh Gurjar",1001634227360005.0,False,The Haryanvi Mashup 10,False,Blinkit,1933601744,letsblinkit,clips,C5Qf_ZJheXd,2024-04-02T11:45:17.000Z,Video,https://www.instagram.com/p/C5Qf_ZJheXd/,7.608,98586.0,https://scontent-dfw5-2.cdninstagram.com/o1/v/t16/f1/m82/9E4D4CF82E622FFE941A871696877E8B_video_dashinit.mp4?efg=eyJxZV9ncm91cHMiOiJbXCJpZ193ZWJfZGVsaXZlcnlfdnRzX290ZlwiXSIsInZlbmNvZGVfdGFnIjoidnRzX3ZvZF91cmxnZW4uY2xpcHMuYzIuNzIwLmJhc2VsaW5lIn0&_nc_ht=scontent-dfw5-2.cdninstagram.com&_nc_cat=104&vs=1420911231964364_1104970117&_nc_vs=HBksFQIYT2lnX3hwdl9yZWVsc19wZXJtYW5lbnRfcHJvZC85RTRENENGODJFNjIyRkZFOTQxQTg3MTY5Njg3N0U4Ql92aWRlb19kYXNoaW5pdC5tcDQVAALIAQAVAhg6cGFzc3Rocm91Z2hfZXZlcnN0b3JlL0dDRzc4UmtEc0ZLTEZOd0NBTzdSbDdPSmZRWVdicV9FQUFBRhUCAsgBACgAGAAbABUAACb0h4qtt6OHQBUCKAJDMywXQB5ul41P3zsYEmRhc2hfYmFzZWxpbmVfMV92MREAdf4HAA%3D%3D&_nc_rid=0e8f708308&ccb=9-4&oh=00_AYCxCMmEqP5s5N1vkaeZmN-NytYUQmq3KL21aFiTClUrDA&oe=66BBA121&_nc_sid=10d13b,42743.0
118,it‚Äôs finally here!!!! üò≠ü§ù,215,1333,750,https://scontent-dfw5-1.cdninstagram.com/v/t51.29350-15/435104221_856170896241910_6570863981653061374_n.jpg?stp=dst-jpg_e15&_nc_ht=scontent-dfw5-1.cdninstagram.com&_nc_cat=110&_nc_ohc=HfiT2CP7seIQ7kNvgHlzC57&edm=APs17CUBAAAA&ccb=7-5&oh=00_AYAkMswR-PdzScI6wb6B4AnizCLfkJmZ0CfSCLnepgR9Ag&oe=66BFC318&_nc_sid=10d13b,I got so happy ki bytes back hai üò¢,3336393415729654214,https://www.instagram.com/letsblinkit/?hl=en,0,18044052724631330,0,https://scontent-dfw5-1.cdninstagram.com/v/t51.2885-19/440421017_2145098112511030_1362563911114701870_n.jpg?stp=dst-jpg_s150x150&_nc_ht=scontent-dfw5-1.cdninstagram.com&_nc_cat=110&_nc_ohc=aoPH9V-igagQ7kNvgH6f4y4&edm=APs17CUBAAAA&ccb=7-5&oh=00_AYBFBvLoBPIdTY5g3S-C4gM3o577ebaPxtxAEX-EfFWUpA&oe=66BF9B99&_nc_sid=10d13b,anjani_mee,I got so happy ki bytes back hai üò¢,2024-05-12T22:07:02.000Z,1.8089059687429076e+16,0,https://scontent-dfw5-2.cdninstagram.com/v/t51.2885-19/454457852_856172016011826_2212780489045244533_n.jpg?stp=dst-jpg_s150x150&_nc_ht=scontent-dfw5-2.cdninstagram.com&_nc_cat=106&_nc_ohc=7li8RCw3cusQ7kNvgGZG2FC&edm=APs17CUBAAAA&ccb=7-5&oh=00_AYD9k3YMaQOttnOl5VmK1-0og5dwkXBmf6ESYRE16ROLTQ&oe=66BFAF4A&_nc_sid=10d13b,gxigii_,0.0,Pleaseeeeeee sell the brand belle france like pls,2024-04-28T12:57:01.000Z,1.8031889521807496e+16,0.0,https://scontent-dfw5-1.cdninstagram.com/v/t51.2885-19/434741683_923538915927165_970235671660288312_n.jpg?stp=dst-jpg_s150x150&_nc_ht=scontent-dfw5-1.cdninstagram.com&_nc_cat=109&_nc_ohc=4_PinhVOA_AQ7kNvgHjVYBO&edm=APs17CUBAAAA&ccb=7-5&oh=00_AYBQigw0Ev_7GY2f1FD_JWsJD0U3EUElS4eMUdwZ6r74Tw&oe=66BFBD89&_nc_sid=10d13b,sumavarshinii,0.0,I‚Äôm so furious of how you built it upüò≠,2024-04-26T15:38:23.000Z,1.8050469688720464e+16,0.0,https://scontent-dfw5-2.cdninstagram.com/v/t51.2885-19/345471818_263623899362352_4540361422898385468_n.jpg?stp=dst-jpg_s150x150&_nc_ht=scontent-dfw5-2.cdninstagram.com&_nc_cat=100&_nc_ohc=z1oJt8eDhngQ7kNvgEtnVYi&edm=APs17CUBAAAA&ccb=7-5&oh=00_AYBCcbordCZip5fD2WcXokQD8735jwJeo1oH990e9wWP-g&oe=66BF9925&_nc_sid=10d13b,thepalateodyssey,0.0,Who allowed you to play with our feelings? üôÉ,2024-04-24T17:21:14.000Z,1.8006450899206634e+16,0.0,https://scontent-dfw5-1.cdninstagram.com/v/t51.2885-19/452592290_476471015267254_8941054527997688731_n.jpg?stp=dst-jpg_s150x150&_nc_ht=scontent-dfw5-1.cdninstagram.com&_nc_cat=110&_nc_ohc=H69XuuMD6HUQ7kNvgH7Zn1X&edm=APs17CUBAAAA&ccb=7-5&oh=00_AYB4F458ttX2t9AAOQnh-PvdaMNeRFR73cwFkI6WxX8o7w&oe=66BF9E3B&_nc_sid=10d13b,maddyvirwani,0.0,CadBurryüôå,2024-04-23T06:51:01.000Z,1.7907711260863018e+16,0.0,https://scontent-dfw5-1.cdninstagram.com/v/t51.2885-19/124876660_372365370649755_948672766240775315_n.jpg?stp=dst-jpg_s150x150&_nc_ht=scontent-dfw5-1.cdninstagram.com&_nc_cat=103&_nc_ohc=Rx7b7nogLscQ7kNvgHpEFcH&edm=APs17CUBAAAA&ccb=7-5&oh=00_AYAQtWeYanRRz68rpRTBGsRewLFvEXwS9Nhs_rjg0eQ6Ag&oe=66BFA606&_nc_sid=10d13b,thesaif23,0.0,Now bring back kurkure solid Masti!!!,2024-04-20T11:52:27.000Z,1.8032131687784924e+16,0.0,https://scontent-dfw5-1.cdninstagram.com/v/t51.2885-19/451543662_1010638960450157_3838010398219612102_n.jpg?stp=dst-jpg_s150x150&_nc_ht=scontent-dfw5-1.cdninstagram.com&_nc_cat=105&_nc_ohc=idC79xxIvskQ7kNvgEhaYFU&edm=APs17CUBAAAA&ccb=7-5&oh=00_AYBsenHH6GfXwg6IokWjyz0yVze18ZrshMnPJOmUYLjQbQ&oe=66BFB2B3&_nc_sid=10d13b,mehta_nishtha,0.0,Vo toh theek hai otp dene ke baad bank account check kar lena bus ek baar,2024-04-19T10:57:46.000Z,1.7997559526565688e+16,0.0,https://scontent-dfw5-1.cdninstagram.com/v/t51.2885-19/429312429_364633976399937_8746000808197935694_n.jpg?stp=dst-jpg_s150x150&_nc_ht=scontent-dfw5-1.cdninstagram.com&_nc_cat=109&_nc_ohc=BrqXGHyrT1oQ7kNvgG0hRVQ&edm=APs17CUBAAAA&ccb=7-5&oh=00_AYC6WD3f2bw2Zx195oKEm8CV_tI195JTTWeaFfaBovUdHA&oe=66BFA85B&_nc_sid=10d13b,_a.n.n.i.i.e._,0.0,üò≠üò≠üò≠üò≠üò≠üò≠,2024-04-18T09:03:39.000Z,7881,letsblinkit,1105793330473055.0,False,Original audio,True,Blinkit,1933601744,letsblinkit,clips,C5NQCJ3hKnG,2024-04-01T05:27:30.000Z,Video,https://www.instagram.com/p/C5NQCJ3hKnG/,43.933,200972.0,https://scontent-dfw5-1.cdninstagram.com/o1/v/t16/f1/m82/B240A4881B1F672F1CBAE338A95E0DBC_video_dashinit.mp4?efg=eyJxZV9ncm91cHMiOiJbXCJpZ193ZWJfZGVsaXZlcnlfdnRzX290ZlwiXSIsInZlbmNvZGVfdGFnIjoidnRzX3ZvZF91cmxnZW4uY2xpcHMuYzIuNzIwLmJhc2VsaW5lIn0&_nc_ht=scontent-dfw5-1.cdninstagram.com&_nc_cat=109&vs=1146947092962873_214592385&_nc_vs=HBksFQIYT2lnX3hwdl9yZWVsc19wZXJtYW5lbnRfcHJvZC9CMjQwQTQ4ODFCMUY2NzJGMUNCQUUzMzhBOTVFMERCQ192aWRlb19kYXNoaW5pdC5tcDQVAALIAQAVAhg6cGFzc3Rocm91Z2hfZXZlcnN0b3JlL0dKVVQ2eG5feDBnX2ppVUlBTjRjdUZ1MEQ1SnNicV9FQUFBRhUCAsgBACgAGAAbABUAACb85frt3JbRPxUCKAJDMywXQEX3bItDlYEYEmRhc2hfYmFzZWxpbmVfMV92MREAdf4HAA%3D%3D&_nc_rid=1f0920ccaa&ccb=9-4&oh=00_AYCqsEU5Nw_d7-Id4FQkXm0KPxGMpg0e11940MC2ftMXVQ&oe=66BBC30D&_nc_sid=10d13b,69808.0
129,agar 1000 logo ne comment kar diya toh hum padhayi shuru kar denge üòÖ,231,1333,750,https://scontent-gig4-2.cdninstagram.com/v/t51.29350-15/431829495_1137760593893293_213428000794399742_n.jpg?stp=dst-jpg_e15&_nc_ht=scontent-gig4-2.cdninstagram.com&_nc_cat=101&_nc_ohc=CiXIdkDWeOIQ7kNvgGm49wK&edm=APs17CUBAAAA&ccb=7-5&oh=00_AYDoFPTK5MT6ALMEE7Aq-hCp0n0UqWecxvvwO8iz0cEAfQ&oe=66BFA96C&_nc_sid=10d13b,Keep extra pen üòÆ,3319194450550604815,https://www.instagram.com/letsblinkit/?hl=en,0,18029688293071272,0,https://scontent-gig4-2.cdninstagram.com/v/t51.2885-19/380687927_1756666678182080_2502542407569550862_n.jpg?stp=dst-jpg_s150x150&_nc_ht=scontent-gig4-2.cdninstagram.com&_nc_cat=108&_nc_ohc=WEqh123IxQsQ7kNvgESYecZ&edm=APs17CUBAAAA&ccb=7-5&oh=00_AYAGkDaqbswYR3JQfbxA9oxegTu4zRsfzp0lFRobHvbgxQ&oe=66BFB020&_nc_sid=10d13b,rajdhawan024,Keep extra pen üòÆ,2024-05-08T08:24:39.000Z,1.8054108529537676e+16,1,https://scontent-gig4-2.cdninstagram.com/v/t51.2885-19/417968809_744821060464843_9100827372859801123_n.jpg?stp=dst-jpg_s150x150&_nc_ht=scontent-gig4-2.cdninstagram.com&_nc_cat=107&_nc_ohc=LsbaKyrIE3MQ7kNvgEP3qC2&edm=APs17CUBAAAA&ccb=7-5&oh=00_AYDnJlftZzZSVT2m9loYbFAGESLA6n7LHCqcFzzrmFwgDQ&oe=66BFA477&_nc_sid=10d13b,bibekacharjee081,0.0,To main to bachpan se ultra legend hoonüóø,2024-04-26T14:15:33.000Z,1.8130615072334064e+16,0.0,https://scontent-gig4-2.cdninstagram.com/v/t51.2885-19/451566190_2247424798926205_8127644681318489856_n.jpg?stp=dst-jpg_s150x150&_nc_ht=scontent-gig4-2.cdninstagram.com&_nc_cat=101&_nc_ohc=I7oiBmeR-zgQ7kNvgE2N4mw&edm=APs17CUBAAAA&ccb=7-5&oh=00_AYCcMsCrIxbhBHR_xNE8ApIOLltJja89_M1YCiJOxl7mrg&oe=66BF901F&_nc_sid=10d13b,seishin_kaizen,0.0,Kyu Nahi Ho Rahi Padhai? üòÇ,2024-04-23T10:44:11.000Z,1.8002452523595692e+16,0.0,https://scontent-hbe1-2.cdninstagram.com/v/t51.2885-19/44884218_345707102882519_2446069589734326272_n.jpg?_nc_ht=scontent-hbe1-2.cdninstagram.com&_nc_cat=1&_nc_ohc=VEonLlax_vYQ7kNvgHebHfg&edm=AJXOVykBAAAA&ccb=7-5&ig_cache_key=YW5vbnltb3VzX3Byb2ZpbGVfcGlj.2-ccb7-5&oh=00_AYDFk_dWFo7MRPmwrIlJ6OUf0AF1M6HdxjSJlZb_rfga8w&oe=66BF970F&_nc_sid=07c3e7,mandala_coner,0.0,First one is me second one is my sister and third one is my brother,2024-04-22T12:34:10.000Z,1.808277642145122e+16,1.0,https://scontent-gig4-2.cdninstagram.com/v/t51.2885-19/452536825_475264721776941_8475541657781070322_n.jpg?stp=dst-jpg_s150x150&_nc_ht=scontent-gig4-2.cdninstagram.com&_nc_cat=109&_nc_ohc=fW8y3_MPYd0Q7kNvgGX_WJq&edm=APs17CUBAAAA&ccb=7-5&oh=00_AYBZ1Nc5AsUXmiii_KT1xd3I3L8sCd9lor85Piis8Scs7w&oe=66BF9D0C&_nc_sid=10d13b,khan_boy__editz,0.0,Pen üñäÔ∏è bhi dost ka churaya hua üíÄ,2024-04-14T01:29:04.000Z,1.804322459868903e+16,0.0,https://scontent-gig4-2.cdninstagram.com/v/t51.2885-19/448620600_830374175215738_981409661842051259_n.jpg?stp=dst-jpg_s150x150&_nc_ht=scontent-gig4-2.cdninstagram.com&_nc_cat=110&_nc_ohc=Yy5v5B22NFEQ7kNvgEQj3M6&edm=APs17CUBAAAA&ccb=7-5&oh=00_AYCfR19j4VltMH95UeJb1j7vvT83ucvkefI8OdqCtE2nFw&oe=66BFC39D&_nc_sid=10d13b,aditya.ishant,0.0,Pen bhi wha milta hai bro,2024-04-13T19:34:10.000Z,1.801799139527493e+16,0.0,https://scontent-gig4-2.cdninstagram.com/v/t51.2885-19/451947682_810507364557875_3131254851526392308_n.jpg?stp=dst-jpg_s150x150&_nc_ht=scontent-gig4-2.cdninstagram.com&_nc_cat=111&_nc_ohc=-p1DBwhHaN8Q7kNvgGSyeL7&edm=APs17CUBAAAA&ccb=7-5&oh=00_AYDj9FHIWI0OklpjuSDmcWKT2SoWBUgEe5Erx4Le9qgbuw&oe=66BFA66C&_nc_sid=10d13b,saikat3894.x,0.0,Here,2024-04-13T19:13:22.000Z,1.8032034946786052e+16,0.0,https://scontent-gig4-2.cdninstagram.com/v/t51.2885-19/416649908_885792059859580_1544649768043447084_n.jpg?stp=dst-jpg_s150x150&_nc_ht=scontent-gig4-2.cdninstagram.com&_nc_cat=104&_nc_ohc=-clrmk0ZU-UQ7kNvgGQQzKa&edm=APs17CUBAAAA&ccb=7-5&oh=00_AYBBWRE-Br_4HVqTd1lk9RsEda9OTsihLAqJilxQNvHHZw&oe=66BFBA6F&_nc_sid=10d13b,itzz_prem_318,0.0,Meanwhile I forgot to take admit card üóø,2024-04-13T15:57:17.000Z,9059,zayn.saifi2,773366837483070.0,False,Original audio,True,Blinkit,1933601744,letsblinkit,clips,C4QJcRVhEQP,2024-03-08T11:55:50.000Z,Video,https://www.instagram.com/p/C4QJcRVhEQP/,11.0,326587.0,https://scontent-gig4-2.cdninstagram.com/o1/v/t16/f1/m82/A04ADD23D7E8B1F9403C780CF444C880_video_dashinit.mp4?efg=eyJxZV9ncm91cHMiOiJbXCJpZ193ZWJfZGVsaXZlcnlfdnRzX290ZlwiXSIsInZlbmNvZGVfdGFnIjoidnRzX3ZvZF91cmxnZW4uY2xpcHMuYzIuNzIwLmJhc2VsaW5lIn0&_nc_ht=scontent-gig4-2.cdninstagram.com&_nc_cat=101&vs=795223639200695_2627705108&_nc_vs=HBksFQIYT2lnX3hwdl9yZWVsc19wZXJtYW5lbnRfcHJvZC9BMDRBREQyM0Q3RThCMUY5NDAzQzc4MENGNDQ0Qzg4MF92aWRlb19kYXNoaW5pdC5tcDQVAALIAQAVAhg6cGFzc3Rocm91Z2hfZXZlcnN0b3JlL0dBaUN2Qm1Ka0V0ZGtwY0ZBQzExRGhuUGlMc3NicV9FQUFBRhUCAsgBACgAGAAbABUAACagxoed%2F%2FuFQBUCKAJDMywXQCYAAAAAAAAYEmRhc2hfYmFzZWxpbmVfMV92MREAdf4HAA%3D%3D&_nc_rid=56ddf86473&ccb=9-4&oh=00_AYDEENOC3Nex8EbOZBg8ikOwperBWgspKViQj08y3ty-4w&oe=66BBA58B&_nc_sid=10d13b,116362.0
131,only physical education students will relate üò≥,43,1333,750,https://scontent-lax3-2.cdninstagram.com/v/t51.29350-15/434124550_406622725346959_98106146819332960_n.jpg?stp=dst-jpg_e15&_nc_ht=scontent-lax3-2.cdninstagram.com&_nc_cat=107&_nc_ohc=5TP5kJ7d_fAQ7kNvgEmgPdw&edm=APs17CUBAAAA&ccb=7-5&oh=00_AYAp6jGSC0HATIn0-JVn6pa0gNWhFUF0whxg-QN8sQBOPw&oe=66BFB1AA&_nc_sid=10d13b,44th comment,3327900866635618551,https://www.instagram.com/letsblinkit/?hl=en,0,18054308764629424,0,https://scontent-lax3-1.cdninstagram.com/v/t51.2885-19/432597893_730152298928601_6547712186512145003_n.jpg?stp=dst-jpg_s150x150&_nc_ht=scontent-lax3-1.cdninstagram.com&_nc_cat=109&_nc_ohc=2EhHLbMEIlgQ7kNvgH8RaXn&edm=APs17CUBAAAA&ccb=7-5&oh=00_AYB--WcuINC3hmhREQgRS5okksdZiSsl98zdbYUUeTLCZQ&oe=66BF98EC&_nc_sid=10d13b,nayab_nizam_khan_2024,44th comment,2024-06-25T09:06:35.000Z,1.7852682426155304e+16,0,https://scontent-lax3-1.cdninstagram.com/v/t51.2885-19/454363857_490176890417240_6031207067600344822_n.jpg?stp=dst-jpg_s150x150&_nc_ht=scontent-lax3-1.cdninstagram.com&_nc_cat=108&_nc_ohc=DuEwiVgbEVYQ7kNvgFWbNFA&edm=APs17CUBAAAA&ccb=7-5&oh=00_AYCfk9qENGQebgPUjEOH7wBm2hS8tJYo9loqAIJCMXwWxw&oe=66BFC517&_nc_sid=10d13b,catwoman197478,0.0,Arey sir mere man ki baat kehe di...Mere aasoon nahi ruk raheüò≠üò≠,2024-03-23T17:07:04.000Z,1.804552450363519e+16,3.0,https://scontent-lax3-2.cdninstagram.com/v/t51.2885-19/441538969_358945230496638_7501226404276110437_n.jpg?stp=dst-jpg_s150x150&_nc_ht=scontent-lax3-2.cdninstagram.com&_nc_cat=106&_nc_ohc=AF7SrCmYvJAQ7kNvgFZg1HH&edm=APs17CUBAAAA&ccb=7-5&oh=00_AYDHBczox1dfWx32GHSlYCCXEgLuZblkeznrsDhC-RSeGg&oe=66BF8D18&_nc_sid=10d13b,sarvesh__.45,0.0,It is used for drawing parallel lines,2024-03-23T07:58:41.000Z,1.8051258157593416e+16,0.0,https://scontent-lax3-2.cdninstagram.com/v/t51.2885-19/434709091_866374675292807_3246737331065633945_n.jpg?stp=dst-jpg_s150x150&_nc_ht=scontent-lax3-2.cdninstagram.com&_nc_cat=111&_nc_ohc=kNE_-HT5oPcQ7kNvgEKb5LM&edm=APs17CUBAAAA&ccb=7-5&oh=00_AYCqJ_w60NZkNBtfph7r7JzojM9hkwINkC68pBoUNxBFiQ&oe=66BFC073&_nc_sid=10d13b,fruitionwell.co,0.0,Badiaa journal lete likhne k liye toh fekne ki zarurat nai padhtiüòì,2024-03-22T13:55:10.000Z,1.7919158468877448e+16,0.0,https://scontent-lax3-2.cdninstagram.com/v/t51.2885-19/450633933_492221413304227_7387130094544901182_n.jpg?stp=dst-jpg_s150x150&_nc_ht=scontent-lax3-2.cdninstagram.com&_nc_cat=107&_nc_ohc=m5mNLCTEagEQ7kNvgGVbUdF&edm=APs17CUBAAAA&ccb=7-5&oh=00_AYABaXWTYl9_WEG0HgA-JL5LoX8vvI4rsvNr5sTjb04ySg&oe=66BFA7BC&_nc_sid=10d13b,rishabh_yadav_nadanwara_94,0.0,Bhai lalitpur me kab aaega?,2024-03-22T08:36:29.000Z,1.79187373018951e+16,0.0,https://scontent-ams2-1.cdninstagram.com/v/t51.2885-19/44884218_345707102882519_2446069589734326272_n.jpg?_nc_ht=scontent-ams2-1.cdninstagram.com&_nc_cat=1&_nc_ohc=VEonLlax_vYQ7kNvgGBdONF&edm=AAAAAAABAAAA&ccb=7-5&ig_cache_key=YW5vbnltb3VzX3Byb2ZpbGVfcGlj.2-ccb7-5&oh=00_AYAtewrWLfLL-dNwhLV8cvlI7gJNZaejLeCouObnQT32eQ&oe=66BF970F&_nc_sid=328259,raju_kumar7062,0.0,My id is blocked for three month please unblock me I'd I want to work id FE3244826,2024-03-21T17:33:01.000Z,1.8022251020044556e+16,0.0,https://scontent-ams2-1.cdninstagram.com/v/t51.2885-19/44884218_345707102882519_2446069589734326272_n.jpg?_nc_ht=scontent-ams2-1.cdninstagram.com&_nc_cat=1&_nc_ohc=VEonLlax_vYQ7kNvgGBdONF&edm=AAAAAAABAAAA&ccb=7-5&ig_cache_key=YW5vbnltb3VzX3Byb2ZpbGVfcGlj.2-ccb7-5&oh=00_AYAtewrWLfLL-dNwhLV8cvlI7gJNZaejLeCouObnQT32eQ&oe=66BF970F&_nc_sid=328259,raju_kumar7062,0.0,My id is blocked for three month please unblock me I'd I want to work id FE3244826,2024-03-21T17:32:59.000Z,1.7872919952064638e+16,0.0,https://scontent-lax3-2.cdninstagram.com/v/t51.2885-19/448845378_1640241273434451_554321453242146390_n.jpg?stp=dst-jpg_s150x150&_nc_ht=scontent-lax3-2.cdninstagram.com&_nc_cat=103&_nc_ohc=atEtw0tUDnIQ7kNvgGc9Slx&edm=APs17CUBAAAA&ccb=7-5&oh=00_AYC4qzBhVcgm-WeDp4in8dWITPwaQqhf7Gs5-Yy6tzPecQ&oe=66BF99A9&_nc_sid=10d13b,virtu4ls1n,0.0,Why you're not available at my pincode??üòìüòì,2024-03-21T11:52:58.000Z,1192,Yam√™,1748628642202018.0,False,B√©cane - A COLORS SHOW,False,Blinkit,1933601744,letsblinkit,clips,C4vFDTLh9j3,2024-03-20T12:13:05.000Z,Video,https://www.instagram.com/p/C4vFDTLh9j3/,10.333,63825.0,https://scontent-lax3-1.cdninstagram.com/o1/v/t16/f1/m82/5C42F9266436F347F6F3A35057FB6B93_video_dashinit.mp4?efg=eyJxZV9ncm91cHMiOiJbXCJpZ193ZWJfZGVsaXZlcnlfdnRzX290ZlwiXSIsInZlbmNvZGVfdGFnIjoidnRzX3ZvZF91cmxnZW4uY2xpcHMuYzIuNzIwLmJhc2VsaW5lIn0&_nc_ht=scontent-lax3-1.cdninstagram.com&_nc_cat=109&vs=781488743461735_271369639&_nc_vs=HBksFQIYT2lnX3hwdl9yZWVsc19wZXJtYW5lbnRfcHJvZC81QzQyRjkyNjY0MzZGMzQ3RjZGM0EzNTA1N0ZCNkI5M192aWRlb19kYXNoaW5pdC5tcDQVAALIAQAVAhg6cGFzc3Rocm91Z2hfZXZlcnN0b3JlL0dGTlIyaG1sV1pjenVva0JBTjU1OG9lV3UwTTZicV9FQUFBRhUCAsgBACgAGAAbABUAACbOt5ais%2BzEPxUCKAJDMywXQCSqfvnbItEYEmRhc2hfYmFzZWxpbmVfMV92MREAdf4HAA%3D%3D&_nc_rid=686cc08932&ccb=9-4&oh=00_AYCqh_dXv4vTONnNuuG9_WARfyYj1fkvL5RZ8I5oU7CU9g&oe=66BBA12E&_nc_sid=10d13b,20563.0
186,only commerce students will understand üòÖ,610,1920,1080,https://scontent-man2-1.cdninstagram.com/v/t51.29350-15/416550346_316227964725057_6910902155848464_n.jpg?stp=dst-jpg_e35_p1080x1080_sh0.08&_nc_ht=scontent-man2-1.cdninstagram.com&_nc_cat=109&_nc_ohc=xQLqUuNg2BAQ7kNvgGAUM4x&edm=APs17CUBAAAA&ccb=7-5&oh=00_AYDYw-Rsmb_e5gFk1Zz_l63MrhaZU7QmOwVXA3D9hI9Iyg&oe=66BFBA31&_nc_sid=10d13b,üòÇ,3273539752831377604,https://www.instagram.com/letsblinkit/?hl=en,0,18020265709962849,0,https://scontent-man2-1.cdninstagram.com/v/t51.2885-19/275708677_1432841613839050_3641307870993368795_n.jpg?stp=dst-jpg_s150x150&_nc_ht=scontent-man2-1.cdninstagram.com&_nc_cat=110&_nc_ohc=AaAkYfCRyykQ7kNvgG1-lX8&edm=APs17CUBAAAA&ccb=7-5&oh=00_AYA9rU2f5CaozFoUhq7-W8LMAk38CESQ9D0kLBIYiztQMg&oe=66BF9677&_nc_sid=10d13b,rituraj08765,üòÇ,2024-04-04T13:47:23.000Z,1.7861069553112296e+16,0,https://scontent-man2-1.cdninstagram.com/v/t51.2885-19/453485106_2314610972213620_988915394361677589_n.jpg?stp=dst-jpg_s150x150&_nc_ht=scontent-man2-1.cdninstagram.com&_nc_cat=104&_nc_ohc=cqnq4QKTKtsQ7kNvgGtsRVa&edm=APs17CUBAAAA&ccb=7-5&oh=00_AYAj20IHwX4VtuZJNPY44M9jYMZCuH8cj-qXa-I8GoEelg&oe=66BFAEDD&_nc_sid=10d13b,komalbaranwal163,0.0,Piche  uske dusra üß≤ magnet h,2024-04-04T11:03:52.000Z,1.8120534370357776e+16,0.0,https://scontent-man2-1.cdninstagram.com/v/t51.2885-19/449609742_1124585652102784_6541609370148767501_n.jpg?stp=dst-jpg_s150x150&_nc_ht=scontent-man2-1.cdninstagram.com&_nc_cat=104&_nc_ohc=ZkmZGY35xfAQ7kNvgHi2HnW&edm=APs17CUBAAAA&ccb=7-5&oh=00_AYAJsuReumcLsIJJbLwDUMY7S6KTdcBwqe9EBLSMxlZOkQ&oe=66BFC0F6&_nc_sid=10d13b,dude_its_me_kartik,0.0,This is fake video üì∏üì∏,2024-04-04T07:04:08.000Z,1.809378616640918e+16,0.0,https://scontent-man2-1.cdninstagram.com/v/t51.2885-19/359514121_293235283170148_2973520143114223214_n.jpg?stp=dst-jpg_s150x150&_nc_ht=scontent-man2-1.cdninstagram.com&_nc_cat=104&_nc_ohc=GQYStCCXxPwQ7kNvgFSppsh&edm=APs17CUBAAAA&ccb=7-5&oh=00_AYCVIBeik5Ttolx2-nmyLTDtwXuiXtn-PkoWlzG-QFUz4w&oe=66BFC14B&_nc_sid=10d13b,guru_thakur_8444,0.0,Pahle niche ka loha to nikal le,2024-04-04T06:10:19.000Z,1.7904040181954756e+16,0.0,https://scontent-man2-1.cdninstagram.com/v/t51.2885-19/433013443_793576538770492_6793167004906589526_n.jpg?stp=dst-jpg_s150x150&_nc_ht=scontent-man2-1.cdninstagram.com&_nc_cat=104&_nc_ohc=DbrywDHcmMkQ7kNvgHuNvFF&edm=APs17CUBAAAA&ccb=7-5&oh=00_AYDSFAAURkwnM0g6hPBQX91pVTcqg2e0Mu2RnBsX86BwoQ&oe=66BFADAA&_nc_sid=10d13b,abhay_000a,0.0,Uske nicche magnet haiüòÇüòÇ,2024-04-04T05:11:45.000Z,1.802844724098117e+16,0.0,https://scontent-man2-1.cdninstagram.com/v/t51.2885-19/436550411_799352625175115_8941452615874842499_n.jpg?stp=dst-jpg_s150x150&_nc_ht=scontent-man2-1.cdninstagram.com&_nc_cat=111&_nc_ohc=badlYtaO6TQQ7kNvgEdfnJm&edm=APs17CUBAAAA&ccb=7-5&oh=00_AYADPci4kIubm56FrJX9WfJsurQnHr_jnuOMF5dU5hpagA&oe=66BFB943&_nc_sid=10d13b,saba_mughal_1,0.0,Aur jo leaf ka neechay magnet rakha hai us ka kya üòÇ,2024-04-04T03:03:39.000Z,1.8030787477938412e+16,0.0,https://scontent-man2-1.cdninstagram.com/v/t51.2885-19/420522624_1125721785262944_696070022709725265_n.jpg?stp=dst-jpg_s150x150&_nc_ht=scontent-man2-1.cdninstagram.com&_nc_cat=100&_nc_ohc=L6tqIPgHpOkQ7kNvgGEmdH5&edm=APs17CUBAAAA&ccb=7-5&oh=00_AYDDtOQ_muICIMRJiPs9V7is5USHoMXMNgkLgu-pzy1sHQ&oe=66BF9180&_nc_sid=10d13b,raj_jaiswal_70.12,0.0,Niche magnet hai,2024-04-04T02:36:51.000Z,1.801371164046778e+16,0.0,https://scontent-man2-1.cdninstagram.com/v/t51.2885-19/432070428_1349568132408198_8437295480853042946_n.jpg?stp=dst-jpg_s150x150&_nc_ht=scontent-man2-1.cdninstagram.com&_nc_cat=106&_nc_ohc=ickRyzAKFVsQ7kNvgF7iP7S&edm=APs17CUBAAAA&ccb=7-5&oh=00_AYAMDxgt68CX4pirPXZNKGuyRCBP9L_ZTi4wyheloDKzdw&oe=66BF93E9&_nc_sid=10d13b,mayuswapnilkotangale,0.0,üòÇüòÇ,2024-04-03T13:45:52.000Z,112057,letsblinkit,1747082855812308.0,False,Original audio,True,Blinkit,1933601744,letsblinkit,clips,C1t8w-tomDE,2024-01-05T12:16:57.000Z,Video,https://www.instagram.com/p/C1t8w-tomDE/,10.566,2560174.0,https://scontent-man2-1.cdninstagram.com/o1/v/t16/f1/m82/8541110990AE86C4BEC5B2088379B0B1_video_dashinit.mp4?efg=eyJxZV9ncm91cHMiOiJbXCJpZ193ZWJfZGVsaXZlcnlfdnRzX290ZlwiXSIsInZlbmNvZGVfdGFnIjoidnRzX3ZvZF91cmxnZW4uY2xpcHMuYzIuNzIwLmJhc2VsaW5lIn0&_nc_ht=scontent-man2-1.cdninstagram.com&_nc_cat=103&vs=743296657835057_1690731941&_nc_vs=HBksFQIYT2lnX3hwdl9yZWVsc19wZXJtYW5lbnRfcHJvZC84NTQxMTEwOTkwQUU4NkM0QkVDNUIyMDg4Mzc5QjBCMV92aWRlb19kYXNoaW5pdC5tcDQVAALIAQAVAhg6cGFzc3Rocm91Z2hfZXZlcnN0b3JlL0dBRlJ1UmdmM2tnQmduZ0NBSi1EVWhOM0ozeDlicV9FQUFBRhUCAsgBACgAGAAbABUAACbY5bK8h%2Ba8QRUCKAJDMywXQCUhysCDEm8YEmRhc2hfYmFzZWxpbmVfMV92MREAdf4HAA%3D%3D&_nc_rid=077e4964eb&ccb=9-4&oh=00_AYDxroFtVktpazjAhdMaMeJHOPcsFtkcP63EPcQgCUobpw&oe=66BB9C25&_nc_sid=10d13b,1157567.0
